NO,NAME,PDF,ePub,Doc
1,20 Soruda Evrim Teorisinin Çöküşü,<a href=https://hykulliyat.github.io/viewer/web/viewer.html?file=https://hykulliyat.github.io/assets/Harun-Yahya-Kitaplar/20/pdf/20sorudaEvrimTeorisi-5b.pdf target=_blank>PDF</a>,<a href=https://hykulliyat.github.io/viewer/ePubViewer/#https://hykulliyat.github.io/assets/Harun-Yahya-Kitaplar/20/epub/20sorudaEvrimTeorisi-5b.epub target=_blank>ePub</a>,<a href=https://hykulliyat.github.io/assets/Harun-Yahya-Kitaplar/20/doc/20sorudaEvrimTeorisi-5b.doc target=_blank>DOC</a>
2,40 Konuda Hücre,<a href=https://hykulliyat.github.io/viewer/web/viewer.html?file=https://hykulliyat.github.io/assets/Harun-Yahya-Kitaplar/40/pdf/40-Konuda-Hucre-2b.pdf target=_blank>PDF</a>,<a href=https://hykulliyat.github.io/viewer/ePubViewer/#https://hykulliyat.github.io/assets/Harun-Yahya-Kitaplar/40/epub/40-Konuda-Hucre-2b.epub target=_blank>ePub</a>,<a href=https://hykulliyat.github.io/assets/Harun-Yahya-Kitaplar/40/doc/40-Konuda-Hucre-2b.doc target=_blank>DOC</a>
3,50 Maddede Evrim Teorisinin Çöküşü,<a href=https://hykulliyat.github.io/viewer/web/viewer.html?file=https://hykulliyat.github.io/assets/Harun-Yahya-Kitaplar/50/pdf/50maddedeevrim.pdf target=_blank>PDF</a>,<a href=https://hykulliyat.github.io/viewer/ePubViewer/#https://hykulliyat.github.io/assets/Harun-Yahya-Kitaplar/50/epub/50maddedeevrim.epub target=_blank>ePub</a>,<a href=https://hykulliyat.github.io/assets/Harun-Yahya-Kitaplar/50/doc/50maddedeevrim.doc target=_blank>DOC</a>
4,Adamlık Dini,<a href=https://hykulliyat.github.io/viewer/web/viewer.html?file=https://hykulliyat.github.io/assets/Harun-Yahya-Kitaplar/AA/pdf/adamlikDini-13b-tr.pdf target=_blank>PDF</a>,<a href=https://hykulliyat.github.io/viewer/ePubViewer/#https://hykulliyat.github.io/assets/Harun-Yahya-Kitaplar/AA/epub/adamlikDini-13b-tr.epub target=_blank>ePub</a>,<a href=https://hykulliyat.github.io/assets/Harun-Yahya-Kitaplar/AA/doc/adamlikDini-13b-tr.doc target=_blank>DOC</a>
5,Ahir Zaman Sorularına Bediüzzaman Cevap Veriyor 1 - kitapçık,<a href=https://hykulliyat.github.io/viewer/web/viewer.html?file=https://hykulliyat.github.io/assets/Harun-Yahya-Kitaplar/AA/pdf/bediuzzamanasorular1.pdf target=_blank>PDF</a>,<a href=https://hykulliyat.github.io/viewer/ePubViewer/#https://hykulliyat.github.io/assets/Harun-Yahya-Kitaplar/AA/epub/bediuzzamanasorular1.epub target=_blank>ePub</a>,<a href=https://hykulliyat.github.io/assets/Harun-Yahya-Kitaplar/AA/doc/bediuzzamanasorular1.doc target=_blank>DOC</a>
6,Ahir Zaman Sorularına Bediüzzaman Cevap Veriyor 2 - kitapçık,<a href=https://hykulliyat.github.io/viewer/web/viewer.html?file=https://hykulliyat.github.io/assets/Harun-Yahya-Kitaplar/AA/pdf/bediuzzamanasorular2.pdf target=_blank>PDF</a>,<a href=https://hykulliyat.github.io/viewer/ePubViewer/#https://hykulliyat.github.io/assets/Harun-Yahya-Kitaplar/AA/epub/bediuzzamanasorular2.epub target=_blank>ePub</a>,<a href=https://hykulliyat.github.io/assets/Harun-Yahya-Kitaplar/AA/doc/bediuzzamanasorular2.doc target=_blank>DOC</a>
7,Ahir Zaman'ı Bediüzzaman ile Anlamak - Kitapçık,<a href=https://hykulliyat.github.io/viewer/web/viewer.html?file=https://hykulliyat.github.io/assets/Harun-Yahya-Kitaplar/AA/pdf/ahirzamanianlamak.pdf target=_blank>PDF</a>,<a href=https://hykulliyat.github.io/viewer/ePubViewer/#https://hykulliyat.github.io/assets/Harun-Yahya-Kitaplar/AA/epub/ahirzamanianlamak.epub target=_blank>ePub</a>,<a href=https://hykulliyat.github.io/assets/Harun-Yahya-Kitaplar/AA/doc/ahirzamanianlamak.doc target=_blank>DOC</a>
8,Ahir Zamanın 656 Alameti,<a href=https://hykulliyat.github.io/viewer/web/viewer.html?file=https://hykulliyat.github.io/assets/Harun-Yahya-Kitaplar/AA/pdf/AhirZamanin656Alameti-tr-x-180709-w.pdf target=_blank>PDF</a>,<a href=https://hykulliyat.github.io/viewer/ePubViewer/#https://hykulliyat.github.io/assets/Harun-Yahya-Kitaplar/AA/epub/AhirZamanin656Alameti-tr-x-180709-w.epub target=_blank>ePub</a>,<a href=https://hykulliyat.github.io/assets/Harun-Yahya-Kitaplar/AA/doc/AhirZamanin656Alameti-tr-x-180709-w.doc target=_blank>DOC</a>
9,Akılsız Kuran'ı Nasıl Yorumlar?,<a href=https://hykulliyat.github.io/viewer/web/viewer.html?file=https://hykulliyat.github.io/assets/Harun-Yahya-Kitaplar/AA/pdf/akilsizKuraniNasilYorumlar-11b-tr.pdf target=_blank>PDF</a>,<a href=https://hykulliyat.github.io/viewer/ePubViewer/#https://hykulliyat.github.io/assets/Harun-Yahya-Kitaplar/AA/epub/akilsizKuraniNasilYorumlar-11b-tr.epub target=_blank>ePub</a>,<a href=https://hykulliyat.github.io/assets/Harun-Yahya-Kitaplar/AA/doc/akilsizKuraniNasilYorumlar-11b-tr.doc target=_blank>DOC</a>
10,Alay Denen Zulüm,<a href=https://hykulliyat.github.io/viewer/web/viewer.html?file=https://hykulliyat.github.io/assets/Harun-Yahya-Kitaplar/AA/pdf/alayDenenZulum-10b-tr.pdf target=_blank>PDF</a>,<a href=https://hykulliyat.github.io/viewer/ePubViewer/#https://hykulliyat.github.io/assets/Harun-Yahya-Kitaplar/AA/epub/alayDenenZulum-10b-tr.epub target=_blank>ePub</a>,<a href=https://hykulliyat.github.io/assets/Harun-Yahya-Kitaplar/AA/doc/alayDenenZulum-10b-tr.doc target=_blank>DOC</a>
11,Allah Akılla Bilinir,<a href=https://hykulliyat.github.io/viewer/web/viewer.html?file=https://hykulliyat.github.io/assets/Harun-Yahya-Kitaplar/AA/pdf/AllahAkillaBilinir-tr-9b.pdf target=_blank>PDF</a>,<a href=https://hykulliyat.github.io/viewer/ePubViewer/#https://hykulliyat.github.io/assets/Harun-Yahya-Kitaplar/AA/epub/AllahAkillaBilinir-tr-9b.epub target=_blank>ePub</a>,<a href=https://hykulliyat.github.io/assets/Harun-Yahya-Kitaplar/AA/doc/AllahAkillaBilinir-tr-9b.doc target=_blank>DOC</a>
12,Allah İçin Yaşamak,<a href=https://hykulliyat.github.io/viewer/web/viewer.html?file=https://hykulliyat.github.io/assets/Harun-Yahya-Kitaplar/AA/pdf/AllahIcinYasamak-17b-tr.pdf target=_blank>PDF</a>,<a href=https://hykulliyat.github.io/viewer/ePubViewer/#https://hykulliyat.github.io/assets/Harun-Yahya-Kitaplar/AA/epub/AllahIcinYasamak-17b-tr.epub target=_blank>ePub</a>,<a href=https://hykulliyat.github.io/assets/Harun-Yahya-Kitaplar/AA/doc/AllahIcinYasamak-17b-tr.doc target=_blank>DOC</a>
13,Allah Korkusu,<a href=https://hykulliyat.github.io/viewer/web/viewer.html?file=https://hykulliyat.github.io/assets/Harun-Yahya-Kitaplar/AA/pdf/AllahKorkusu-13b-tr.pdf target=_blank>PDF</a>,<a href=https://hykulliyat.github.io/viewer/ePubViewer/#https://hykulliyat.github.io/assets/Harun-Yahya-Kitaplar/AA/epub/AllahKorkusu-13b-tr.epub target=_blank>ePub</a>,<a href=https://hykulliyat.github.io/assets/Harun-Yahya-Kitaplar/AA/doc/AllahKorkusu-13b-tr.doc target=_blank>DOC</a>
14,Allah Sevgisi,<a href=https://hykulliyat.github.io/viewer/web/viewer.html?file=https://hykulliyat.github.io/assets/Harun-Yahya-Kitaplar/AA/pdf/AllahSevgisi-5b-tr.pdf target=_blank>PDF</a>,<a href=https://hykulliyat.github.io/viewer/ePubViewer/#https://hykulliyat.github.io/assets/Harun-Yahya-Kitaplar/AA/epub/AllahSevgisi-5b-tr.epub target=_blank>ePub</a>,<a href=https://hykulliyat.github.io/assets/Harun-Yahya-Kitaplar/AA/doc/AllahSevgisi-5b-tr.doc target=_blank>DOC</a>
15,Allah'ın Detay Sanatı,<a href=https://hykulliyat.github.io/viewer/web/viewer.html?file=https://hykulliyat.github.io/assets/Harun-Yahya-Kitaplar/AA/pdf/AllahinDetaySanati-4b-tr.pdf target=_blank>PDF</a>,<a href=https://hykulliyat.github.io/viewer/ePubViewer/#https://hykulliyat.github.io/assets/Harun-Yahya-Kitaplar/AA/epub/AllahinDetaySanati-4b-tr.epub target=_blank>ePub</a>,<a href=https://hykulliyat.github.io/assets/Harun-Yahya-Kitaplar/AA/doc/AllahinDetaySanati-4b-tr.doc target=_blank>DOC</a>
16,Allah'ın Güzelliklerinden Bir Demet 1,<a href=https://hykulliyat.github.io/viewer/web/viewer.html?file=https://hykulliyat.github.io/assets/Harun-Yahya-Kitaplar/AA/pdf/guzelliklerden-bir-demet-1-2b.pdf target=_blank>PDF</a>,<a href=https://hykulliyat.github.io/viewer/ePubViewer/#https://hykulliyat.github.io/assets/Harun-Yahya-Kitaplar/AA/epub/guzelliklerden-bir-demet-1-2b.epub target=_blank>ePub</a>,<a href=https://hykulliyat.github.io/assets/Harun-Yahya-Kitaplar/AA/doc/guzelliklerden-bir-demet-1-2b.doc target=_blank>DOC</a>
17,Allah'ın Güzelliklerinden Bir Demet 2,<a href=https://hykulliyat.github.io/viewer/web/viewer.html?file=https://hykulliyat.github.io/assets/Harun-Yahya-Kitaplar/AA/pdf/Demet2.pdf target=_blank>PDF</a>,<a href=https://hykulliyat.github.io/viewer/ePubViewer/#https://hykulliyat.github.io/assets/Harun-Yahya-Kitaplar/AA/epub/Demet2.epub target=_blank>ePub</a>,<a href=https://hykulliyat.github.io/assets/Harun-Yahya-Kitaplar/AA/doc/Demet2.doc target=_blank>DOC</a>
18,Allah'ın Güzelliklerinden Bir Demet 3,<a href=https://hykulliyat.github.io/viewer/web/viewer.html?file=https://hykulliyat.github.io/assets/Harun-Yahya-Kitaplar/AA/pdf/Demet3.pdf target=_blank>PDF</a>,<a href=https://hykulliyat.github.io/viewer/ePubViewer/#https://hykulliyat.github.io/assets/Harun-Yahya-Kitaplar/AA/epub/Demet3.epub target=_blank>ePub</a>,<a href=https://hykulliyat.github.io/assets/Harun-Yahya-Kitaplar/AA/doc/Demet3.doc target=_blank>DOC</a>
19,Allah'ın Güzelliklerinden Bir Demet 4,<a href=https://hykulliyat.github.io/viewer/web/viewer.html?file=https://hykulliyat.github.io/assets/Harun-Yahya-Kitaplar/AA/pdf/Demet4.pdf target=_blank>PDF</a>,<a href=https://hykulliyat.github.io/viewer/ePubViewer/#https://hykulliyat.github.io/assets/Harun-Yahya-Kitaplar/AA/epub/Demet4.epub target=_blank>ePub</a>,<a href=https://hykulliyat.github.io/assets/Harun-Yahya-Kitaplar/AA/doc/Demet4.doc target=_blank>DOC</a>
20,Allah'ın İsimleri,<a href=https://hykulliyat.github.io/viewer/web/viewer.html?file=https://hykulliyat.github.io/assets/Harun-Yahya-Kitaplar/AA/pdf/AllahinIsimleri-12b-tr.pdf target=_blank>PDF</a>,<a href=https://hykulliyat.github.io/viewer/ePubViewer/#https://hykulliyat.github.io/assets/Harun-Yahya-Kitaplar/AA/epub/AllahinIsimleri-12b-tr.epub target=_blank>ePub</a>,<a href=https://hykulliyat.github.io/assets/Harun-Yahya-Kitaplar/AA/doc/AllahinIsimleri-12b-tr.doc target=_blank>DOC</a>
21,Allah'ın Munis Sanatından,<a href=https://hykulliyat.github.io/viewer/web/viewer.html?file=https://hykulliyat.github.io/assets/Harun-Yahya-Kitaplar/AA/pdf/AllahinMunisSanatindan-4b-tr.pdf target=_blank>PDF</a>,<a href=https://hykulliyat.github.io/viewer/ePubViewer/#https://hykulliyat.github.io/assets/Harun-Yahya-Kitaplar/AA/epub/AllahinMunisSanatindan-4b-tr.epub target=_blank>ePub</a>,<a href=https://hykulliyat.github.io/assets/Harun-Yahya-Kitaplar/AA/doc/AllahinMunisSanatindan-4b-tr.doc target=_blank>DOC</a>
22,Allah'ın Renk Sanatı,<a href=https://hykulliyat.github.io/viewer/web/viewer.html?file=https://hykulliyat.github.io/assets/Harun-Yahya-Kitaplar/AA/pdf/Allah-in-RenkSanati-3b.pdf target=_blank>PDF</a>,<a href=https://hykulliyat.github.io/viewer/ePubViewer/#https://hykulliyat.github.io/assets/Harun-Yahya-Kitaplar/AA/epub/Allah-in-RenkSanati-3b.epub target=_blank>ePub</a>,<a href=https://hykulliyat.github.io/assets/Harun-Yahya-Kitaplar/AA/doc/Allah-in-RenkSanati-3b.doc target=_blank>DOC</a>
23,Altınçağ,<a href=https://hykulliyat.github.io/viewer/web/viewer.html?file=https://hykulliyat.github.io/assets/Harun-Yahya-Kitaplar/AA/pdf/altincag-2b-T.pdf target=_blank>PDF</a>,<a href=https://hykulliyat.github.io/viewer/ePubViewer/#https://hykulliyat.github.io/assets/Harun-Yahya-Kitaplar/AA/epub/altincag-2b-T.epub target=_blank>ePub</a>,<a href=https://hykulliyat.github.io/assets/Harun-Yahya-Kitaplar/AA/doc/altincag-2b-T.doc target=_blank>DOC</a>
24,Amerika'nın Göremediği PKK,<a href=https://hykulliyat.github.io/viewer/web/viewer.html?file=https://hykulliyat.github.io/assets/Harun-Yahya-Kitaplar/AA/pdf/amerikaninGoremedigiPKK-2b-tr.pdf target=_blank>PDF</a>,<a href=https://hykulliyat.github.io/viewer/ePubViewer/#https://hykulliyat.github.io/assets/Harun-Yahya-Kitaplar/AA/epub/amerikaninGoremedigiPKK-2b-tr.epub target=_blank>ePub</a>,<a href=https://hykulliyat.github.io/assets/Harun-Yahya-Kitaplar/AA/doc/amerikaninGoremedigiPKK-2b-tr.doc target=_blank>DOC</a>
25,Amerikan Ulusal Bilimler Akademisi'nin Yanılgıları,<a href=https://hykulliyat.github.io/viewer/web/viewer.html?file=https://hykulliyat.github.io/assets/Harun-Yahya-Kitaplar/AA/pdf/UBA.pdf target=_blank>PDF</a>,<a href=https://hykulliyat.github.io/viewer/ePubViewer/#https://hykulliyat.github.io/assets/Harun-Yahya-Kitaplar/AA/epub/UBA.epub target=_blank>ePub</a>,<a href=https://hykulliyat.github.io/assets/Harun-Yahya-Kitaplar/AA/doc/UBA.doc target=_blank>DOC</a>
26,Arageçiş Açmazı,<a href=https://hykulliyat.github.io/viewer/web/viewer.html?file=https://hykulliyat.github.io/assets/Harun-Yahya-Kitaplar/AA/pdf/araGecisAcmazi-5b-tr.pdf target=_blank>PDF</a>,<a href=https://hykulliyat.github.io/viewer/ePubViewer/#https://hykulliyat.github.io/assets/Harun-Yahya-Kitaplar/AA/epub/araGecisAcmazi-5b-tr.epub target=_blank>ePub</a>,<a href=https://hykulliyat.github.io/assets/Harun-Yahya-Kitaplar/AA/doc/araGecisAcmazi-5b-tr.doc target=_blank>DOC</a>
27,Asker Atatürk,<a href=https://hykulliyat.github.io/viewer/web/viewer.html?file=https://hykulliyat.github.io/assets/Harun-Yahya-Kitaplar/AA/pdf/Asker-Ataturk-3b.pdf target=_blank>PDF</a>,<a href=https://hykulliyat.github.io/viewer/ePubViewer/#https://hykulliyat.github.io/assets/Harun-Yahya-Kitaplar/AA/epub/Asker-Ataturk-3b.epub target=_blank>ePub</a>,<a href=https://hykulliyat.github.io/assets/Harun-Yahya-Kitaplar/AA/doc/Asker-Ataturk-3b.doc target=_blank>DOC</a>
28,Atatürk Ansiklopedisi 1.Cilt,<a href=https://hykulliyat.github.io/viewer/web/viewer.html?file=https://hykulliyat.github.io/assets/Harun-Yahya-Kitaplar/AA/pdf/ataturk-ansk-cilt1-2.pdf target=_blank>PDF</a>,<a href=https://hykulliyat.github.io/viewer/ePubViewer/#https://hykulliyat.github.io/assets/Harun-Yahya-Kitaplar/AA/epub/ataturk-ansk-cilt1-2.epub target=_blank>ePub</a>,<a href=https://hykulliyat.github.io/assets/Harun-Yahya-Kitaplar/AA/doc/ataturk-ansk-cilt1-2.doc target=_blank>DOC</a>
29,Atatürk Ansiklopedisi 2.Cilt,<a href=https://hykulliyat.github.io/viewer/web/viewer.html?file=https://hykulliyat.github.io/assets/Harun-Yahya-Kitaplar/AA/pdf/AAnsiklopedisi-C2-2B.pdf target=_blank>PDF</a>,<a href=https://hykulliyat.github.io/viewer/ePubViewer/#https://hykulliyat.github.io/assets/Harun-Yahya-Kitaplar/AA/epub/AAnsiklopedisi-C2-2B.epub target=_blank>ePub</a>,<a href=https://hykulliyat.github.io/assets/Harun-Yahya-Kitaplar/AA/doc/AAnsiklopedisi-C2-2B.doc target=_blank>DOC</a>
30,Atatürk ve Gençlik,<a href=https://hykulliyat.github.io/viewer/web/viewer.html?file=https://hykulliyat.github.io/assets/Harun-Yahya-Kitaplar/AA/pdf/AtaturkveGenclik-tr-6b.pdf target=_blank>PDF</a>,<a href=https://hykulliyat.github.io/viewer/ePubViewer/#https://hykulliyat.github.io/assets/Harun-Yahya-Kitaplar/AA/epub/AtaturkveGenclik-tr-6b.epub target=_blank>ePub</a>,<a href=https://hykulliyat.github.io/assets/Harun-Yahya-Kitaplar/AA/doc/AtaturkveGenclik-tr-6b.doc target=_blank>DOC</a>
31,Atatürk’ü İyi Anlamak,<a href=https://hykulliyat.github.io/viewer/web/viewer.html?file=https://hykulliyat.github.io/assets/Harun-Yahya-Kitaplar/AA/pdf/Ataturku-Iyi-Anlamak-3b.pdf target=_blank>PDF</a>,<a href=https://hykulliyat.github.io/viewer/ePubViewer/#https://hykulliyat.github.io/assets/Harun-Yahya-Kitaplar/AA/epub/Ataturku-Iyi-Anlamak-3b.epub target=_blank>ePub</a>,<a href=https://hykulliyat.github.io/assets/Harun-Yahya-Kitaplar/AA/doc/Ataturku-Iyi-Anlamak-3b.doc target=_blank>DOC</a>
32,Atatürk’ün Vatan Ve Millet Sevgisi,<a href=https://hykulliyat.github.io/viewer/web/viewer.html?file=https://hykulliyat.github.io/assets/Harun-Yahya-Kitaplar/AA/pdf/ataturkunVatanMilletSevgisi-4b-tr.pdf target=_blank>PDF</a>,<a href=https://hykulliyat.github.io/viewer/ePubViewer/#https://hykulliyat.github.io/assets/Harun-Yahya-Kitaplar/AA/epub/ataturkunVatanMilletSevgisi-4b-tr.epub target=_blank>ePub</a>,<a href=https://hykulliyat.github.io/assets/Harun-Yahya-Kitaplar/AA/doc/ataturkunVatanMilletSevgisi-4b-tr.doc target=_blank>DOC</a>
33,Ateist Siyonizm Felsefesi,<a href=https://hykulliyat.github.io/viewer/web/viewer.html?file=https://hykulliyat.github.io/assets/Harun-Yahya-Kitaplar/AA/pdf/Ateist-Siyonizm-Felsefesi---2.-Baski.pdf target=_blank>PDF</a>,<a href=https://hykulliyat.github.io/viewer/ePubViewer/#https://hykulliyat.github.io/assets/Harun-Yahya-Kitaplar/AA/epub/Ateist-Siyonizm-Felsefesi---2.-Baski.epub target=_blank>ePub</a>,<a href=https://hykulliyat.github.io/assets/Harun-Yahya-Kitaplar/AA/doc/Ateist-Siyonizm-Felsefesi---2.-Baski.doc target=_blank>DOC</a>
34,Atom Mucizesi,<a href=https://hykulliyat.github.io/viewer/web/viewer.html?file=https://hykulliyat.github.io/assets/Harun-Yahya-Kitaplar/AA/pdf/atom-mucizesi-4b.pdf target=_blank>PDF</a>,<a href=https://hykulliyat.github.io/viewer/ePubViewer/#https://hykulliyat.github.io/assets/Harun-Yahya-Kitaplar/AA/epub/atom-mucizesi-4b.epub target=_blank>ePub</a>,<a href=https://hykulliyat.github.io/assets/Harun-Yahya-Kitaplar/AA/doc/atom-mucizesi-4b.doc target=_blank>DOC</a>
35,Atomun Sırları,<a href=https://hykulliyat.github.io/viewer/web/viewer.html?file=https://hykulliyat.github.io/assets/Harun-Yahya-Kitaplar/AA/pdf/atomunsirlari.pdf target=_blank>PDF</a>,<a href=https://hykulliyat.github.io/viewer/ePubViewer/#https://hykulliyat.github.io/assets/Harun-Yahya-Kitaplar/AA/epub/atomunsirlari.epub target=_blank>ePub</a>,<a href=https://hykulliyat.github.io/assets/Harun-Yahya-Kitaplar/AA/doc/atomunsirlari.doc target=_blank>DOC</a>
36,Balarısı Mucizesi,<a href=https://hykulliyat.github.io/viewer/web/viewer.html?file=https://hykulliyat.github.io/assets/Harun-Yahya-Kitaplar/BB/pdf/balarisiMucizesi-4b-tr.pdf target=_blank>PDF</a>,<a href=https://hykulliyat.github.io/viewer/ePubViewer/#https://hykulliyat.github.io/assets/Harun-Yahya-Kitaplar/BB/epub/balarisiMucizesi-4b-tr.epub target=_blank>ePub</a>,<a href=https://hykulliyat.github.io/assets/Harun-Yahya-Kitaplar/BB/doc/balarisiMucizesi-4b-tr.doc target=_blank>DOC</a>
37,Basitliğin Kirli Kültürü,<a href=https://hykulliyat.github.io/viewer/web/viewer.html?file=https://hykulliyat.github.io/assets/Harun-Yahya-Kitaplar/BB/pdf/basitliginKirliKulturu-6b-tr.pdf target=_blank>PDF</a>,<a href=https://hykulliyat.github.io/viewer/ePubViewer/#https://hykulliyat.github.io/assets/Harun-Yahya-Kitaplar/BB/epub/basitliginKirliKulturu-6b-tr.epub target=_blank>ePub</a>,<a href=https://hykulliyat.github.io/assets/Harun-Yahya-Kitaplar/BB/doc/basitliginKirliKulturu-6b-tr.doc target=_blank>DOC</a>
38,Becerikli Baraj İnşaatçıları Kunduzlar,<a href=https://hykulliyat.github.io/viewer/web/viewer.html?file=https://hykulliyat.github.io/assets/Harun-Yahya-Kitaplar/BB/pdf/becerikliBarajInsaatcilariKunduzlar-5b-tr.pdf target=_blank>PDF</a>,<a href=https://hykulliyat.github.io/viewer/ePubViewer/#https://hykulliyat.github.io/assets/Harun-Yahya-Kitaplar/BB/epub/becerikliBarajInsaatcilariKunduzlar-5b-tr.epub target=_blank>ePub</a>,<a href=https://hykulliyat.github.io/assets/Harun-Yahya-Kitaplar/BB/doc/becerikliBarajInsaatcilariKunduzlar-5b-tr.doc target=_blank>DOC</a>
39,Bediüzzaman Ahir Zaman'ı Anlatıyor - kitapçık -,<a href=https://hykulliyat.github.io/viewer/web/viewer.html?file=https://hykulliyat.github.io/assets/Harun-Yahya-Kitaplar/BB/pdf/ahirzamanianlatiyor.pdf target=_blank>PDF</a>,<a href=https://hykulliyat.github.io/viewer/ePubViewer/#https://hykulliyat.github.io/assets/Harun-Yahya-Kitaplar/BB/epub/ahirzamanianlatiyor.epub target=_blank>ePub</a>,<a href=https://hykulliyat.github.io/assets/Harun-Yahya-Kitaplar/BB/doc/ahirzamanianlatiyor.doc target=_blank>DOC</a>
40,Bediüzzaman Said Nursi Kendisinin Mehdi Olmadığını Açıklamıştır - kitapçık,<a href=https://hykulliyat.github.io/viewer/web/viewer.html?file=https://hykulliyat.github.io/assets/Harun-Yahya-Kitaplar/BB/pdf/saidnursi-aciklama.pdf target=_blank>PDF</a>,<a href=https://hykulliyat.github.io/viewer/ePubViewer/#https://hykulliyat.github.io/assets/Harun-Yahya-Kitaplar/BB/epub/saidnursi-aciklama.epub target=_blank>ePub</a>,<a href=https://hykulliyat.github.io/assets/Harun-Yahya-Kitaplar/BB/doc/saidnursi-aciklama.doc target=_blank>DOC</a>
41,Bilim Tarihinin En Büyük Yanılgısı: Darwinizm,<a href=https://hykulliyat.github.io/viewer/web/viewer.html?file=https://hykulliyat.github.io/assets/Harun-Yahya-Kitaplar/BB/pdf/Darwinizm.pdf target=_blank>PDF</a>,<a href=https://hykulliyat.github.io/viewer/ePubViewer/#https://hykulliyat.github.io/assets/Harun-Yahya-Kitaplar/BB/epub/Darwinizm.epub target=_blank>ePub</a>,<a href=https://hykulliyat.github.io/assets/Harun-Yahya-Kitaplar/BB/doc/Darwinizm.doc target=_blank>DOC</a>
42,Bir Tartışmanın Ardından,<a href=https://hykulliyat.github.io/viewer/web/viewer.html?file=https://hykulliyat.github.io/assets/Harun-Yahya-Kitaplar/BB/pdf/Tartisma.pdf target=_blank>PDF</a>,<a href=https://hykulliyat.github.io/viewer/ePubViewer/#https://hykulliyat.github.io/assets/Harun-Yahya-Kitaplar/BB/epub/Tartisma.epub target=_blank>ePub</a>,<a href=https://hykulliyat.github.io/assets/Harun-Yahya-Kitaplar/BB/doc/Tartisma.doc target=_blank>DOC</a>
43,Bir Zamanlar Darwinizm,<a href=https://hykulliyat.github.io/viewer/web/viewer.html?file=https://hykulliyat.github.io/assets/Harun-Yahya-Kitaplar/BB/pdf/birZamanlarDarwinizm-6b-tr.pdf target=_blank>PDF</a>,<a href=https://hykulliyat.github.io/viewer/ePubViewer/#https://hykulliyat.github.io/assets/Harun-Yahya-Kitaplar/BB/epub/birZamanlarDarwinizm-6b-tr.epub target=_blank>ePub</a>,<a href=https://hykulliyat.github.io/assets/Harun-Yahya-Kitaplar/BB/doc/birZamanlarDarwinizm-6b-tr.doc target=_blank>DOC</a>
44,Bitkilerdeki Yaratılış Mucizesi,<a href=https://hykulliyat.github.io/viewer/web/viewer.html?file=https://hykulliyat.github.io/assets/Harun-Yahya-Kitaplar/BB/pdf/bitkilerdekiYaratilisMucizesi-4b-tr.pdf target=_blank>PDF</a>,<a href=https://hykulliyat.github.io/viewer/ePubViewer/#https://hykulliyat.github.io/assets/Harun-Yahya-Kitaplar/BB/epub/bitkilerdekiYaratilisMucizesi-4b-tr.epub target=_blank>ePub</a>,<a href=https://hykulliyat.github.io/assets/Harun-Yahya-Kitaplar/BB/doc/bitkilerdekiYaratilisMucizesi-4b-tr.doc target=_blank>DOC</a>
45,Biyomimetik Teknoloji Doğayı Taklit Ediyor,<a href=https://hykulliyat.github.io/viewer/web/viewer.html?file=https://hykulliyat.github.io/assets/Harun-Yahya-Kitaplar/BB/pdf/biyomimetikTeknolojiDogayiTaklitEdiyor-3b-tr.pdf target=_blank>PDF</a>,<a href=https://hykulliyat.github.io/viewer/ePubViewer/#https://hykulliyat.github.io/assets/Harun-Yahya-Kitaplar/BB/epub/biyomimetikTeknolojiDogayiTaklitEdiyor-3b-tr.epub target=_blank>ePub</a>,<a href=https://hykulliyat.github.io/assets/Harun-Yahya-Kitaplar/BB/doc/biyomimetikTeknolojiDogayiTaklitEdiyor-3b-tr.doc target=_blank>DOC</a>
46,Cahiliye Toplumunda İnsan Karakterleri,<a href=https://hykulliyat.github.io/viewer/web/viewer.html?file=https://hykulliyat.github.io/assets/Harun-Yahya-Kitaplar/CC/pdf/cahiliyetoplumundainsankarakterleri-8b-tr.pdf target=_blank>PDF</a>,<a href=https://hykulliyat.github.io/viewer/ePubViewer/#https://hykulliyat.github.io/assets/Harun-Yahya-Kitaplar/CC/epub/cahiliyetoplumundainsankarakterleri-8b-tr.epub target=_blank>ePub</a>,<a href=https://hykulliyat.github.io/assets/Harun-Yahya-Kitaplar/CC/doc/cahiliyetoplumundainsankarakterleri-8b-tr.doc target=_blank>DOC</a>
47,Cahiliye Toplumunu Terketmek,<a href=https://hykulliyat.github.io/viewer/web/viewer.html?file=https://hykulliyat.github.io/assets/Harun-Yahya-Kitaplar/CC/pdf/CahiliyeToplumunuTerketmek.pdf target=_blank>PDF</a>,<a href=https://hykulliyat.github.io/viewer/ePubViewer/#https://hykulliyat.github.io/assets/Harun-Yahya-Kitaplar/CC/epub/CahiliyeToplumunuTerketmek.epub target=_blank>ePub</a>,<a href=https://hykulliyat.github.io/assets/Harun-Yahya-Kitaplar/CC/doc/CahiliyeToplumunuTerketmek.doc target=_blank>DOC</a>
48,Canlılardaki Fedakarlık ve Akılcı Davranışlar,<a href=https://hykulliyat.github.io/viewer/web/viewer.html?file=https://hykulliyat.github.io/assets/Harun-Yahya-Kitaplar/CC/pdf/CanlilardakiFedakarlik-3b.pdf target=_blank>PDF</a>,<a href=https://hykulliyat.github.io/viewer/ePubViewer/#https://hykulliyat.github.io/assets/Harun-Yahya-Kitaplar/CC/epub/CanlilardakiFedakarlik-3b.epub target=_blank>ePub</a>,<a href=https://hykulliyat.github.io/assets/Harun-Yahya-Kitaplar/CC/doc/CanlilardakiFedakarlik-3b.doc target=_blank>DOC</a>
49,Çocuklar Darwin Yalan Söyledi,<a href=https://hykulliyat.github.io/viewer/web/viewer.html?file=https://hykulliyat.github.io/assets/Harun-Yahya-Kitaplar/ÇÇ/pdf/DarwinYalanSoyledi.pdf target=_blank>PDF</a>,<a href=https://hykulliyat.github.io/viewer/ePubViewer/#https://hykulliyat.github.io/assets/Harun-Yahya-Kitaplar/ÇÇ/epub/DarwinYalanSoyledi.epub target=_blank>ePub</a>,<a href=https://hykulliyat.github.io/assets/Harun-Yahya-Kitaplar/ÇÇ/doc/DarwinYalanSoyledi.doc target=_blank>DOC</a>
50,Çocuklar Sizin İçin 1,<a href=https://hykulliyat.github.io/viewer/web/viewer.html?file=https://hykulliyat.github.io/assets/Harun-Yahya-Kitaplar/ÇÇ/pdf/cocuklarSizinIcın1-4b-tr.pdf target=_blank>PDF</a>,<a href=https://hykulliyat.github.io/viewer/ePubViewer/#https://hykulliyat.github.io/assets/Harun-Yahya-Kitaplar/ÇÇ/epub/cocuklarSizinIcın1-4b-tr.epub target=_blank>ePub</a>,<a href=https://hykulliyat.github.io/assets/Harun-Yahya-Kitaplar/ÇÇ/doc/cocuklarSizinIcın1-4b-tr.doc target=_blank>DOC</a>
51,Çocuklar Sizin İçin 2,<a href=https://hykulliyat.github.io/viewer/web/viewer.html?file=https://hykulliyat.github.io/assets/Harun-Yahya-Kitaplar/ÇÇ/pdf/cocuklarSizinIcin2-4b-tr.pdf target=_blank>PDF</a>,<a href=https://hykulliyat.github.io/viewer/ePubViewer/#https://hykulliyat.github.io/assets/Harun-Yahya-Kitaplar/ÇÇ/epub/cocuklarSizinIcin2-4b-tr.epub target=_blank>ePub</a>,<a href=https://hykulliyat.github.io/assets/Harun-Yahya-Kitaplar/ÇÇ/doc/cocuklarSizinIcin2-4b-tr.doc target=_blank>DOC</a>
52,Çözüm Kuran Ahlakı,<a href=https://hykulliyat.github.io/viewer/web/viewer.html?file=https://hykulliyat.github.io/assets/Harun-Yahya-Kitaplar/ÇÇ/pdf/cozum-5b.pdf target=_blank>PDF</a>,<a href=https://hykulliyat.github.io/viewer/ePubViewer/#https://hykulliyat.github.io/assets/Harun-Yahya-Kitaplar/ÇÇ/epub/cozum-5b.epub target=_blank>ePub</a>,<a href=https://hykulliyat.github.io/assets/Harun-Yahya-Kitaplar/ÇÇ/doc/cozum-5b.doc target=_blank>DOC</a>
53,Darwin Amca Biz Hiç Değişmedik,<a href=https://hykulliyat.github.io/viewer/web/viewer.html?file=https://hykulliyat.github.io/assets/Harun-Yahya-Kitaplar/DD/pdf/darwinamcabizhicdegismedik.pdf target=_blank>PDF</a>,<a href=https://hykulliyat.github.io/viewer/ePubViewer/#https://hykulliyat.github.io/assets/Harun-Yahya-Kitaplar/DD/epub/darwinamcabizhicdegismedik.epub target=_blank>ePub</a>,<a href=https://hykulliyat.github.io/assets/Harun-Yahya-Kitaplar/DD/doc/darwinamcabizhicdegismedik.doc target=_blank>DOC</a>
54,Darwin Bu Gerçekleri Bilmiyordu,<a href=https://hykulliyat.github.io/viewer/web/viewer.html?file=https://hykulliyat.github.io/assets/Harun-Yahya-Kitaplar/DD/pdf/darwinbilmiyordu.pdf target=_blank>PDF</a>,<a href=https://hykulliyat.github.io/viewer/ePubViewer/#https://hykulliyat.github.io/assets/Harun-Yahya-Kitaplar/DD/epub/darwinbilmiyordu.epub target=_blank>ePub</a>,<a href=https://hykulliyat.github.io/assets/Harun-Yahya-Kitaplar/DD/doc/darwinbilmiyordu.doc target=_blank>DOC</a>
55,Darwin DNA'yı Bilseydi,<a href=https://hykulliyat.github.io/viewer/web/viewer.html?file=https://hykulliyat.github.io/assets/Harun-Yahya-Kitaplar/DD/pdf/darwinDNAyiBilseydi-3b-tr.pdf target=_blank>PDF</a>,<a href=https://hykulliyat.github.io/viewer/ePubViewer/#https://hykulliyat.github.io/assets/Harun-Yahya-Kitaplar/DD/epub/darwinDNAyiBilseydi-3b-tr.epub target=_blank>ePub</a>,<a href=https://hykulliyat.github.io/assets/Harun-Yahya-Kitaplar/DD/doc/darwinDNAyiBilseydi-3b-tr.doc target=_blank>DOC</a>
56,Darwin'i Yıkan Kafatasları,<a href=https://hykulliyat.github.io/viewer/web/viewer.html?file=https://hykulliyat.github.io/assets/Harun-Yahya-Kitaplar/DD/pdf/darwini-yikan-kafataslari-2b.pdf target=_blank>PDF</a>,<a href=https://hykulliyat.github.io/viewer/ePubViewer/#https://hykulliyat.github.io/assets/Harun-Yahya-Kitaplar/DD/epub/darwini-yikan-kafataslari-2b.epub target=_blank>ePub</a>,<a href=https://hykulliyat.github.io/assets/Harun-Yahya-Kitaplar/DD/doc/darwini-yikan-kafataslari-2b.doc target=_blank>DOC</a>
57,Darwin'in Açmazı: Ruh,<a href=https://hykulliyat.github.io/viewer/web/viewer.html?file=https://hykulliyat.github.io/assets/Harun-Yahya-Kitaplar/DD/pdf/darwininAcmaziRuh-3b-tr.pdf target=_blank>PDF</a>,<a href=https://hykulliyat.github.io/viewer/ePubViewer/#https://hykulliyat.github.io/assets/Harun-Yahya-Kitaplar/DD/epub/darwininAcmaziRuh-3b-tr.epub target=_blank>ePub</a>,<a href=https://hykulliyat.github.io/assets/Harun-Yahya-Kitaplar/DD/doc/darwininAcmaziRuh-3b-tr.doc target=_blank>DOC</a>
58,Darwin'in Anlayamadığı Kambriyen,<a href=https://hykulliyat.github.io/viewer/web/viewer.html?file=https://hykulliyat.github.io/assets/Harun-Yahya-Kitaplar/DD/pdf/darwininAnlayamadigiKambriyen-2b-tr.pdf target=_blank>PDF</a>,<a href=https://hykulliyat.github.io/viewer/ePubViewer/#https://hykulliyat.github.io/assets/Harun-Yahya-Kitaplar/DD/epub/darwininAnlayamadigiKambriyen-2b-tr.epub target=_blank>ePub</a>,<a href=https://hykulliyat.github.io/assets/Harun-Yahya-Kitaplar/DD/doc/darwininAnlayamadigiKambriyen-2b-tr.doc target=_blank>DOC</a>
59,Darwin'in Türk Düşmanlığı,<a href=https://hykulliyat.github.io/viewer/web/viewer.html?file=https://hykulliyat.github.io/assets/Harun-Yahya-Kitaplar/DD/pdf/Darwinin-Turk-Dusmanligi-3b.pdf target=_blank>PDF</a>,<a href=https://hykulliyat.github.io/viewer/ePubViewer/#https://hykulliyat.github.io/assets/Harun-Yahya-Kitaplar/DD/epub/Darwinin-Turk-Dusmanligi-3b.epub target=_blank>ePub</a>,<a href=https://hykulliyat.github.io/assets/Harun-Yahya-Kitaplar/DD/doc/Darwinin-Turk-Dusmanligi-3b.doc target=_blank>DOC</a>
60,Darwin'in Varislerine,<a href=https://hykulliyat.github.io/viewer/web/viewer.html?file=https://hykulliyat.github.io/assets/Harun-Yahya-Kitaplar/DD/pdf/darwinin-varislerine-2b.pdf target=_blank>PDF</a>,<a href=https://hykulliyat.github.io/viewer/ePubViewer/#https://hykulliyat.github.io/assets/Harun-Yahya-Kitaplar/DD/epub/darwinin-varislerine-2b.epub target=_blank>ePub</a>,<a href=https://hykulliyat.github.io/assets/Harun-Yahya-Kitaplar/DD/doc/darwinin-varislerine-2b.doc target=_blank>DOC</a>
61,Darwinist Deccaliyetin Ölümü ''150 Yıl Süren Darwinist Aldatmacanın Sonu'',<a href=https://hykulliyat.github.io/viewer/web/viewer.html?file=https://hykulliyat.github.io/assets/Harun-Yahya-Kitaplar/DD/pdf/darwinistDeccaliyetinOlumu-1b-tr.pdf target=_blank>PDF</a>,<a href=https://hykulliyat.github.io/viewer/ePubViewer/#https://hykulliyat.github.io/assets/Harun-Yahya-Kitaplar/DD/epub/darwinistDeccaliyetinOlumu-1b-tr.epub target=_blank>ePub</a>,<a href=https://hykulliyat.github.io/assets/Harun-Yahya-Kitaplar/DD/doc/darwinistDeccaliyetinOlumu-1b-tr.doc target=_blank>DOC</a>
62,Darwinist Propaganda Yöntemleri,<a href=https://hykulliyat.github.io/viewer/web/viewer.html?file=https://hykulliyat.github.io/assets/Harun-Yahya-Kitaplar/DD/pdf/darwinist-propaganda-yontemleri-2b-tr.pdf target=_blank>PDF</a>,<a href=https://hykulliyat.github.io/viewer/ePubViewer/#https://hykulliyat.github.io/assets/Harun-Yahya-Kitaplar/DD/epub/darwinist-propaganda-yontemleri-2b-tr.epub target=_blank>ePub</a>,<a href=https://hykulliyat.github.io/assets/Harun-Yahya-Kitaplar/DD/doc/darwinist-propaganda-yontemleri-2b-tr.doc target=_blank>DOC</a>
63,Darwinist Propagandanın Çürük Temelleri,<a href=https://hykulliyat.github.io/viewer/web/viewer.html?file=https://hykulliyat.github.io/assets/Harun-Yahya-Kitaplar/DD/pdf/darwinist-propagandanin-curuk-temelleri-2b.pdf target=_blank>PDF</a>,<a href=https://hykulliyat.github.io/viewer/ePubViewer/#https://hykulliyat.github.io/assets/Harun-Yahya-Kitaplar/DD/epub/darwinist-propagandanin-curuk-temelleri-2b.epub target=_blank>ePub</a>,<a href=https://hykulliyat.github.io/assets/Harun-Yahya-Kitaplar/DD/doc/darwinist-propagandanin-curuk-temelleri-2b.doc target=_blank>DOC</a>
64,Darwinistler Neleri Düşünmezler?,<a href=https://hykulliyat.github.io/viewer/web/viewer.html?file=https://hykulliyat.github.io/assets/Harun-Yahya-Kitaplar/DD/pdf/darwinistlerneleridusunmezler-2b.pdf target=_blank>PDF</a>,<a href=https://hykulliyat.github.io/viewer/ePubViewer/#https://hykulliyat.github.io/assets/Harun-Yahya-Kitaplar/DD/epub/darwinistlerneleridusunmezler-2b.epub target=_blank>ePub</a>,<a href=https://hykulliyat.github.io/assets/Harun-Yahya-Kitaplar/DD/doc/darwinistlerneleridusunmezler-2b.doc target=_blank>DOC</a>
65,Darwinistlerin Beklediği Cevaplar,<a href=https://hykulliyat.github.io/viewer/web/viewer.html?file=https://hykulliyat.github.io/assets/Harun-Yahya-Kitaplar/DD/pdf/darwinistbekledigi1b.pdf target=_blank>PDF</a>,<a href=https://hykulliyat.github.io/viewer/ePubViewer/#https://hykulliyat.github.io/assets/Harun-Yahya-Kitaplar/DD/epub/darwinistbekledigi1b.epub target=_blank>ePub</a>,<a href=https://hykulliyat.github.io/assets/Harun-Yahya-Kitaplar/DD/doc/darwinistbekledigi1b.doc target=_blank>DOC</a>
66,Darwinistlerin Bilmek İstemedikleri Gerçekler,<a href=https://hykulliyat.github.io/viewer/web/viewer.html?file=https://hykulliyat.github.io/assets/Harun-Yahya-Kitaplar/DD/pdf/darwinististemedikleri.pdf target=_blank>PDF</a>,<a href=https://hykulliyat.github.io/viewer/ePubViewer/#https://hykulliyat.github.io/assets/Harun-Yahya-Kitaplar/DD/epub/darwinististemedikleri.epub target=_blank>ePub</a>,<a href=https://hykulliyat.github.io/assets/Harun-Yahya-Kitaplar/DD/doc/darwinististemedikleri.doc target=_blank>DOC</a>
67,Darwinizm Dini,<a href=https://hykulliyat.github.io/viewer/web/viewer.html?file=https://hykulliyat.github.io/assets/Harun-Yahya-Kitaplar/DD/pdf/DarwinizmDini-5b.pdf target=_blank>PDF</a>,<a href=https://hykulliyat.github.io/viewer/ePubViewer/#https://hykulliyat.github.io/assets/Harun-Yahya-Kitaplar/DD/epub/DarwinizmDini-5b.epub target=_blank>ePub</a>,<a href=https://hykulliyat.github.io/assets/Harun-Yahya-Kitaplar/DD/doc/DarwinizmDini-5b.doc target=_blank>DOC</a>
68,Darwinizm ile İlmi Mücadelenin Önemi,<a href=https://hykulliyat.github.io/viewer/web/viewer.html?file=https://hykulliyat.github.io/assets/Harun-Yahya-Kitaplar/DD/pdf/Darwinizmilmimucadele-2b.pdf target=_blank>PDF</a>,<a href=https://hykulliyat.github.io/viewer/ePubViewer/#https://hykulliyat.github.io/assets/Harun-Yahya-Kitaplar/DD/epub/Darwinizmilmimucadele-2b.epub target=_blank>ePub</a>,<a href=https://hykulliyat.github.io/assets/Harun-Yahya-Kitaplar/DD/doc/Darwinizmilmimucadele-2b.doc target=_blank>DOC</a>
69,Darwinizm Kuran ile Bağdaşmaz,<a href=https://hykulliyat.github.io/viewer/web/viewer.html?file=https://hykulliyat.github.io/assets/Harun-Yahya-Kitaplar/DD/pdf/darwinizmKuranIleBagdasmaz-tr-1b.pdf target=_blank>PDF</a>,<a href=https://hykulliyat.github.io/viewer/ePubViewer/#https://hykulliyat.github.io/assets/Harun-Yahya-Kitaplar/DD/epub/darwinizmKuranIleBagdasmaz-tr-1b.epub target=_blank>ePub</a>,<a href=https://hykulliyat.github.io/assets/Harun-Yahya-Kitaplar/DD/doc/darwinizmKuranIleBagdasmaz-tr-1b.doc target=_blank>DOC</a>
70,Darwinizm Nasıl Bir Açmaz?,<a href=https://hykulliyat.github.io/viewer/web/viewer.html?file=https://hykulliyat.github.io/assets/Harun-Yahya-Kitaplar/DD/pdf/darwinizmbiracmaz1b.pdf target=_blank>PDF</a>,<a href=https://hykulliyat.github.io/viewer/ePubViewer/#https://hykulliyat.github.io/assets/Harun-Yahya-Kitaplar/DD/epub/darwinizmbiracmaz1b.epub target=_blank>ePub</a>,<a href=https://hykulliyat.github.io/assets/Harun-Yahya-Kitaplar/DD/doc/darwinizmbiracmaz1b.doc target=_blank>DOC</a>
71,Darwinizm'in İnsanlığa Getirdiği Belalar,<a href=https://hykulliyat.github.io/viewer/web/viewer.html?file=https://hykulliyat.github.io/assets/Harun-Yahya-Kitaplar/DD/pdf/darwinizmin-insanliga-getirdigi-belalar-6b-tr.pdf target=_blank>PDF</a>,<a href=https://hykulliyat.github.io/viewer/ePubViewer/#https://hykulliyat.github.io/assets/Harun-Yahya-Kitaplar/DD/epub/darwinizmin-insanliga-getirdigi-belalar-6b-tr.epub target=_blank>ePub</a>,<a href=https://hykulliyat.github.io/assets/Harun-Yahya-Kitaplar/DD/doc/darwinizmin-insanliga-getirdigi-belalar-6b-tr.doc target=_blank>DOC</a>
72,Darwinizm'in Kanlı İdeolojisi Faşizm,<a href=https://hykulliyat.github.io/viewer/web/viewer.html?file=https://hykulliyat.github.io/assets/Harun-Yahya-Kitaplar/DD/pdf/fasizm-3b.pdf target=_blank>PDF</a>,<a href=https://hykulliyat.github.io/viewer/ePubViewer/#https://hykulliyat.github.io/assets/Harun-Yahya-Kitaplar/DD/epub/fasizm-3b.epub target=_blank>ePub</a>,<a href=https://hykulliyat.github.io/assets/Harun-Yahya-Kitaplar/DD/doc/fasizm-3b.doc target=_blank>DOC</a>
73,Darwinizm'in Karanlık Büyüsü,<a href=https://hykulliyat.github.io/viewer/web/viewer.html?file=https://hykulliyat.github.io/assets/Harun-Yahya-Kitaplar/DD/pdf/darwinkaranlikbuyu-5b.pdf target=_blank>PDF</a>,<a href=https://hykulliyat.github.io/viewer/ePubViewer/#https://hykulliyat.github.io/assets/Harun-Yahya-Kitaplar/DD/epub/darwinkaranlikbuyu-5b.epub target=_blank>ePub</a>,<a href=https://hykulliyat.github.io/assets/Harun-Yahya-Kitaplar/DD/doc/darwinkaranlikbuyu-5b.doc target=_blank>DOC</a>
74,Darwinizm'in Sonu,<a href=https://hykulliyat.github.io/viewer/web/viewer.html?file=https://hykulliyat.github.io/assets/Harun-Yahya-Kitaplar/DD/pdf/DarwinizminSonu.pdf target=_blank>PDF</a>,<a href=https://hykulliyat.github.io/viewer/ePubViewer/#https://hykulliyat.github.io/assets/Harun-Yahya-Kitaplar/DD/epub/DarwinizminSonu.epub target=_blank>ePub</a>,<a href=https://hykulliyat.github.io/assets/Harun-Yahya-Kitaplar/DD/doc/DarwinizminSonu.doc target=_blank>DOC</a>
75,Deccalin Ayini: Terör,<a href=https://hykulliyat.github.io/viewer/web/viewer.html?file=https://hykulliyat.github.io/assets/Harun-Yahya-Kitaplar/DD/pdf/deccalinayini2bsk.pdf target=_blank>PDF</a>,<a href=https://hykulliyat.github.io/viewer/ePubViewer/#https://hykulliyat.github.io/assets/Harun-Yahya-Kitaplar/DD/epub/deccalinayini2bsk.epub target=_blank>ePub</a>,<a href=https://hykulliyat.github.io/assets/Harun-Yahya-Kitaplar/DD/doc/deccalinayini2bsk.doc target=_blank>DOC</a>
76,Deniz Altındaki Muhteşem Dünya,<a href=https://hykulliyat.github.io/viewer/web/viewer.html?file=https://hykulliyat.github.io/assets/Harun-Yahya-Kitaplar/DD/pdf/Deniz-altindaki-muhtesem-dunya-tr-1b.pdf target=_blank>PDF</a>,<a href=https://hykulliyat.github.io/viewer/ePubViewer/#https://hykulliyat.github.io/assets/Harun-Yahya-Kitaplar/DD/epub/Deniz-altindaki-muhtesem-dunya-tr-1b.epub target=_blank>ePub</a>,<a href=https://hykulliyat.github.io/assets/Harun-Yahya-Kitaplar/DD/doc/Deniz-altindaki-muhtesem-dunya-tr-1b.doc target=_blank>DOC</a>
77,Derin Düşünmek,<a href=https://hykulliyat.github.io/viewer/web/viewer.html?file=https://hykulliyat.github.io/assets/Harun-Yahya-Kitaplar/DD/pdf/derinDusunmek-7b-tr.pdf target=_blank>PDF</a>,<a href=https://hykulliyat.github.io/viewer/ePubViewer/#https://hykulliyat.github.io/assets/Harun-Yahya-Kitaplar/DD/epub/derinDusunmek-7b-tr.epub target=_blank>ePub</a>,<a href=https://hykulliyat.github.io/assets/Harun-Yahya-Kitaplar/DD/doc/derinDusunmek-7b-tr.doc target=_blank>DOC</a>
78,Devlete Bağlılığın Önemi,<a href=https://hykulliyat.github.io/viewer/web/viewer.html?file=https://hykulliyat.github.io/assets/Harun-Yahya-Kitaplar/DD/pdf/Devlete-Bagliligin-Onemi-2b.pdf target=_blank>PDF</a>,<a href=https://hykulliyat.github.io/viewer/ePubViewer/#https://hykulliyat.github.io/assets/Harun-Yahya-Kitaplar/DD/epub/Devlete-Bagliligin-Onemi-2b.epub target=_blank>ePub</a>,<a href=https://hykulliyat.github.io/assets/Harun-Yahya-Kitaplar/DD/doc/Devlete-Bagliligin-Onemi-2b.doc target=_blank>DOC</a>
79,Dinde Pasifizm,<a href=https://hykulliyat.github.io/viewer/web/viewer.html?file=https://hykulliyat.github.io/assets/Harun-Yahya-Kitaplar/DD/pdf/dindePasifizm-6b-tr.pdf target=_blank>PDF</a>,<a href=https://hykulliyat.github.io/viewer/ePubViewer/#https://hykulliyat.github.io/assets/Harun-Yahya-Kitaplar/DD/epub/dindePasifizm-6b-tr.epub target=_blank>ePub</a>,<a href=https://hykulliyat.github.io/assets/Harun-Yahya-Kitaplar/DD/doc/dindePasifizm-6b-tr.doc target=_blank>DOC</a>
80,Dinimizi Öğrenelim,<a href=https://hykulliyat.github.io/viewer/web/viewer.html?file=https://hykulliyat.github.io/assets/Harun-Yahya-Kitaplar/DD/pdf/Dinimizi-Ögrenelim-7b.pdf target=_blank>PDF</a>,<a href=https://hykulliyat.github.io/viewer/ePubViewer/#https://hykulliyat.github.io/assets/Harun-Yahya-Kitaplar/DD/epub/Dinimizi-Ögrenelim-7b.epub target=_blank>ePub</a>,<a href=https://hykulliyat.github.io/assets/Harun-Yahya-Kitaplar/DD/doc/Dinimizi-Ögrenelim-7b.doc target=_blank>DOC</a>
81,Dinler Terörü Lanetler,<a href=https://hykulliyat.github.io/viewer/web/viewer.html?file=https://hykulliyat.github.io/assets/Harun-Yahya-Kitaplar/DD/pdf/dinler-teroru-lanetler-tr.pdf target=_blank>PDF</a>,<a href=https://hykulliyat.github.io/viewer/ePubViewer/#https://hykulliyat.github.io/assets/Harun-Yahya-Kitaplar/DD/epub/dinler-teroru-lanetler-tr.epub target=_blank>ePub</a>,<a href=https://hykulliyat.github.io/assets/Harun-Yahya-Kitaplar/DD/doc/dinler-teroru-lanetler-tr.doc target=_blank>DOC</a>
82,Dinsizliğin Dini ile Mücadele,<a href=https://hykulliyat.github.io/viewer/web/viewer.html?file=https://hykulliyat.github.io/assets/Harun-Yahya-Kitaplar/DD/pdf/dinsizligin-dini-ile-mucadele-6b.pdf target=_blank>PDF</a>,<a href=https://hykulliyat.github.io/viewer/ePubViewer/#https://hykulliyat.github.io/assets/Harun-Yahya-Kitaplar/DD/epub/dinsizligin-dini-ile-mucadele-6b.epub target=_blank>ePub</a>,<a href=https://hykulliyat.github.io/assets/Harun-Yahya-Kitaplar/DD/doc/dinsizligin-dini-ile-mucadele-6b.doc target=_blank>DOC</a>
83,Dinsizliğin İlkel Mantığı,<a href=https://hykulliyat.github.io/viewer/web/viewer.html?file=https://hykulliyat.github.io/assets/Harun-Yahya-Kitaplar/DD/pdf/dinsizligin-ilkel-mantigi-6b.pdf target=_blank>PDF</a>,<a href=https://hykulliyat.github.io/viewer/ePubViewer/#https://hykulliyat.github.io/assets/Harun-Yahya-Kitaplar/DD/epub/dinsizligin-ilkel-mantigi-6b.epub target=_blank>ePub</a>,<a href=https://hykulliyat.github.io/assets/Harun-Yahya-Kitaplar/DD/doc/dinsizligin-ilkel-mantigi-6b.doc target=_blank>DOC</a>
84,Dinsizliğin Kabusu,<a href=https://hykulliyat.github.io/viewer/web/viewer.html?file=https://hykulliyat.github.io/assets/Harun-Yahya-Kitaplar/DD/pdf/DinsizliginKabusu-5b.pdf target=_blank>PDF</a>,<a href=https://hykulliyat.github.io/viewer/ePubViewer/#https://hykulliyat.github.io/assets/Harun-Yahya-Kitaplar/DD/epub/DinsizliginKabusu-5b.epub target=_blank>ePub</a>,<a href=https://hykulliyat.github.io/assets/Harun-Yahya-Kitaplar/DD/doc/DinsizliginKabusu-5b.doc target=_blank>DOC</a>
85,DNA'nın Darwin'e Uyarısı,<a href=https://hykulliyat.github.io/viewer/web/viewer.html?file=https://hykulliyat.github.io/assets/Harun-Yahya-Kitaplar/DD/pdf/DNAnin-Darwine-Uyarisi-2b.pdf target=_blank>PDF</a>,<a href=https://hykulliyat.github.io/viewer/ePubViewer/#https://hykulliyat.github.io/assets/Harun-Yahya-Kitaplar/DD/epub/DNAnin-Darwine-Uyarisi-2b.epub target=_blank>ePub</a>,<a href=https://hykulliyat.github.io/assets/Harun-Yahya-Kitaplar/DD/doc/DNAnin-Darwine-Uyarisi-2b.doc target=_blank>DOC</a>
86,Doğada Allah'ın Yaratması,<a href=https://hykulliyat.github.io/viewer/web/viewer.html?file=https://hykulliyat.github.io/assets/Harun-Yahya-Kitaplar/DD/pdf/dogadaAllahinYaratmasi-3b-tr.pdf target=_blank>PDF</a>,<a href=https://hykulliyat.github.io/viewer/ePubViewer/#https://hykulliyat.github.io/assets/Harun-Yahya-Kitaplar/DD/epub/dogadaAllahinYaratmasi-3b-tr.epub target=_blank>ePub</a>,<a href=https://hykulliyat.github.io/assets/Harun-Yahya-Kitaplar/DD/doc/dogadaAllahinYaratmasi-3b-tr.doc target=_blank>DOC</a>
87,Doğadaki Mühendislik,<a href=https://hykulliyat.github.io/viewer/web/viewer.html?file=https://hykulliyat.github.io/assets/Harun-Yahya-Kitaplar/DD/pdf/dogadakiMuhendislik-3b-tr.pdf target=_blank>PDF</a>,<a href=https://hykulliyat.github.io/viewer/ePubViewer/#https://hykulliyat.github.io/assets/Harun-Yahya-Kitaplar/DD/epub/dogadakiMuhendislik-3b-tr.epub target=_blank>ePub</a>,<a href=https://hykulliyat.github.io/assets/Harun-Yahya-Kitaplar/DD/doc/dogadakiMuhendislik-3b-tr.doc target=_blank>DOC</a>
88,Dünya Hayatında Tüm Zevkleri Tüketenler,<a href=https://hykulliyat.github.io/viewer/web/viewer.html?file=https://hykulliyat.github.io/assets/Harun-Yahya-Kitaplar/DD/pdf/Dünya-Hayatìnda-Tüm-Zevkleri-Tükenenler-7b.pdf target=_blank>PDF</a>,<a href=https://hykulliyat.github.io/viewer/ePubViewer/#https://hykulliyat.github.io/assets/Harun-Yahya-Kitaplar/DD/epub/Dünya-Hayatìnda-Tüm-Zevkleri-Tükenenler-7b.epub target=_blank>ePub</a>,<a href=https://hykulliyat.github.io/assets/Harun-Yahya-Kitaplar/DD/doc/Dünya-Hayatìnda-Tüm-Zevkleri-Tükenenler-7b.doc target=_blank>DOC</a>
89,Dünya Hayatının Gerçeği,<a href=https://hykulliyat.github.io/viewer/web/viewer.html?file=https://hykulliyat.github.io/assets/Harun-Yahya-Kitaplar/DD/pdf/dunyaHayatininGercegi-7b-tr.pdf target=_blank>PDF</a>,<a href=https://hykulliyat.github.io/viewer/ePubViewer/#https://hykulliyat.github.io/assets/Harun-Yahya-Kitaplar/DD/epub/dunyaHayatininGercegi-7b-tr.epub target=_blank>ePub</a>,<a href=https://hykulliyat.github.io/assets/Harun-Yahya-Kitaplar/DD/doc/dunyaHayatininGercegi-7b-tr.doc target=_blank>DOC</a>
90,Düşünen İnsanlar İçin,<a href=https://hykulliyat.github.io/viewer/web/viewer.html?file=https://hykulliyat.github.io/assets/Harun-Yahya-Kitaplar/DD/pdf/dusunenInsanlarIcın-7b-tr.pdf target=_blank>PDF</a>,<a href=https://hykulliyat.github.io/viewer/ePubViewer/#https://hykulliyat.github.io/assets/Harun-Yahya-Kitaplar/DD/epub/dusunenInsanlarIcın-7b-tr.epub target=_blank>ePub</a>,<a href=https://hykulliyat.github.io/assets/Harun-Yahya-Kitaplar/DD/doc/dusunenInsanlarIcın-7b-tr.doc target=_blank>DOC</a>
91,Ehl'i Sünnetin Önemi,<a href=https://hykulliyat.github.io/viewer/web/viewer.html?file=https://hykulliyat.github.io/assets/Harun-Yahya-Kitaplar/EE/pdf/ehli-sunnetin-onemi-3b.pdf target=_blank>PDF</a>,<a href=https://hykulliyat.github.io/viewer/ePubViewer/#https://hykulliyat.github.io/assets/Harun-Yahya-Kitaplar/EE/epub/ehli-sunnetin-onemi-3b.epub target=_blank>ePub</a>,<a href=https://hykulliyat.github.io/assets/Harun-Yahya-Kitaplar/EE/doc/ehli-sunnetin-onemi-3b.doc target=_blank>DOC</a>
92,En Büyük İftira Şirk,<a href=https://hykulliyat.github.io/viewer/web/viewer.html?file=https://hykulliyat.github.io/assets/Harun-Yahya-Kitaplar/EE/pdf/enBuyukIftiraSirk-12b-tr.pdf target=_blank>PDF</a>,<a href=https://hykulliyat.github.io/viewer/ePubViewer/#https://hykulliyat.github.io/assets/Harun-Yahya-Kitaplar/EE/epub/enBuyukIftiraSirk-12b-tr.epub target=_blank>ePub</a>,<a href=https://hykulliyat.github.io/assets/Harun-Yahya-Kitaplar/EE/doc/enBuyukIftiraSirk-12b-tr.doc target=_blank>DOC</a>
93,Evrendeki Mucizeler (Adem Yakup),<a href=https://hykulliyat.github.io/viewer/web/viewer.html?file=https://hykulliyat.github.io/assets/Harun-Yahya-Kitaplar/EE/pdf/evrendekiMucize-ay-tr.pdf target=_blank>PDF</a>,<a href=https://hykulliyat.github.io/viewer/ePubViewer/#https://hykulliyat.github.io/assets/Harun-Yahya-Kitaplar/EE/epub/evrendekiMucize-ay-tr.epub target=_blank>ePub</a>,<a href=https://hykulliyat.github.io/assets/Harun-Yahya-Kitaplar/EE/doc/evrendekiMucize-ay-tr.doc target=_blank>DOC</a>
94,Evrenin Yaratılışı,<a href=https://hykulliyat.github.io/viewer/web/viewer.html?file=https://hykulliyat.github.io/assets/Harun-Yahya-Kitaplar/EE/pdf/evreninYaratilisi-5b-tr.pdf target=_blank>PDF</a>,<a href=https://hykulliyat.github.io/viewer/ePubViewer/#https://hykulliyat.github.io/assets/Harun-Yahya-Kitaplar/EE/epub/evreninYaratilisi-5b-tr.epub target=_blank>ePub</a>,<a href=https://hykulliyat.github.io/assets/Harun-Yahya-Kitaplar/EE/doc/evreninYaratilisi-5b-tr.doc target=_blank>DOC</a>
95,Evrim Açmazı 1.Cilt,<a href=https://hykulliyat.github.io/viewer/web/viewer.html?file=https://hykulliyat.github.io/assets/Harun-Yahya-Kitaplar/EE/pdf/EvrimAcmazi1-3b-.pdf target=_blank>PDF</a>,<a href=https://hykulliyat.github.io/viewer/ePubViewer/#https://hykulliyat.github.io/assets/Harun-Yahya-Kitaplar/EE/epub/EvrimAcmazi1-3b-.epub target=_blank>ePub</a>,<a href=https://hykulliyat.github.io/assets/Harun-Yahya-Kitaplar/EE/doc/EvrimAcmazi1-3b-.doc target=_blank>DOC</a>
96,Evrim Açmazı 2.Cilt,<a href=https://hykulliyat.github.io/viewer/web/viewer.html?file=https://hykulliyat.github.io/assets/Harun-Yahya-Kitaplar/EE/pdf/EvrimAcmazi-cilt2-3b.pdf target=_blank>PDF</a>,<a href=https://hykulliyat.github.io/viewer/ePubViewer/#https://hykulliyat.github.io/assets/Harun-Yahya-Kitaplar/EE/epub/EvrimAcmazi-cilt2-3b.epub target=_blank>ePub</a>,<a href=https://hykulliyat.github.io/assets/Harun-Yahya-Kitaplar/EE/doc/EvrimAcmazi-cilt2-3b.doc target=_blank>DOC</a>
97,Evrim Aldatmacası,<a href=https://hykulliyat.github.io/viewer/web/viewer.html?file=https://hykulliyat.github.io/assets/Harun-Yahya-Kitaplar/EE/pdf/evrimAldatmacasi-tr-8b.pdf target=_blank>PDF</a>,<a href=https://hykulliyat.github.io/viewer/ePubViewer/#https://hykulliyat.github.io/assets/Harun-Yahya-Kitaplar/EE/epub/evrimAldatmacasi-tr-8b.epub target=_blank>ePub</a>,<a href=https://hykulliyat.github.io/assets/Harun-Yahya-Kitaplar/EE/doc/evrimAldatmacasi-tr-8b.doc target=_blank>DOC</a>
98,Evrimcilere Net Cevap 1,<a href=https://hykulliyat.github.io/viewer/web/viewer.html?file=https://hykulliyat.github.io/assets/Harun-Yahya-Kitaplar/EE/pdf/NetCevap.pdf target=_blank>PDF</a>,<a href=https://hykulliyat.github.io/viewer/ePubViewer/#https://hykulliyat.github.io/assets/Harun-Yahya-Kitaplar/EE/epub/NetCevap.epub target=_blank>ePub</a>,<a href=https://hykulliyat.github.io/assets/Harun-Yahya-Kitaplar/EE/doc/NetCevap.doc target=_blank>DOC</a>
99,Evrimcilere Net Cevap 2,<a href=https://hykulliyat.github.io/viewer/web/viewer.html?file=https://hykulliyat.github.io/assets/Harun-Yahya-Kitaplar/EE/pdf/evrimcilere-net-cevap-2-tr.pdf target=_blank>PDF</a>,<a href=https://hykulliyat.github.io/viewer/ePubViewer/#https://hykulliyat.github.io/assets/Harun-Yahya-Kitaplar/EE/epub/evrimcilere-net-cevap-2-tr.epub target=_blank>ePub</a>,<a href=https://hykulliyat.github.io/assets/Harun-Yahya-Kitaplar/EE/doc/evrimcilere-net-cevap-2-tr.doc target=_blank>DOC</a>
100,Evrimcilere Net Cevap 3,<a href=https://hykulliyat.github.io/viewer/web/viewer.html?file=https://hykulliyat.github.io/assets/Harun-Yahya-Kitaplar/EE/pdf/NetCevap3.pdf target=_blank>PDF</a>,<a href=https://hykulliyat.github.io/viewer/ePubViewer/#https://hykulliyat.github.io/assets/Harun-Yahya-Kitaplar/EE/epub/NetCevap3.epub target=_blank>ePub</a>,<a href=https://hykulliyat.github.io/assets/Harun-Yahya-Kitaplar/EE/doc/NetCevap3.doc target=_blank>DOC</a>
101,Evrimcilere Net Cevap 4,<a href=https://hykulliyat.github.io/viewer/web/viewer.html?file=https://hykulliyat.github.io/assets/Harun-Yahya-Kitaplar/EE/pdf/netcevap4.pdf target=_blank>PDF</a>,<a href=https://hykulliyat.github.io/viewer/ePubViewer/#https://hykulliyat.github.io/assets/Harun-Yahya-Kitaplar/EE/epub/netcevap4.epub target=_blank>ePub</a>,<a href=https://hykulliyat.github.io/assets/Harun-Yahya-Kitaplar/EE/doc/netcevap4.doc target=_blank>DOC</a>
102,Evrimcilerin İtirafları,<a href=https://hykulliyat.github.io/viewer/web/viewer.html?file=https://hykulliyat.github.io/assets/Harun-Yahya-Kitaplar/EE/pdf/Evrimcilerin-Itiraflari-6b.pdf target=_blank>PDF</a>,<a href=https://hykulliyat.github.io/viewer/ePubViewer/#https://hykulliyat.github.io/assets/Harun-Yahya-Kitaplar/EE/epub/Evrimcilerin-Itiraflari-6b.epub target=_blank>ePub</a>,<a href=https://hykulliyat.github.io/assets/Harun-Yahya-Kitaplar/EE/doc/Evrimcilerin-Itiraflari-6b.doc target=_blank>DOC</a>
103,Evrimcilerin Yanılgıları,<a href=https://hykulliyat.github.io/viewer/web/viewer.html?file=https://hykulliyat.github.io/assets/Harun-Yahya-Kitaplar/EE/pdf/evrimcilerinyanilgilari.pdf target=_blank>PDF</a>,<a href=https://hykulliyat.github.io/viewer/ePubViewer/#https://hykulliyat.github.io/assets/Harun-Yahya-Kitaplar/EE/epub/evrimcilerinyanilgilari.epub target=_blank>ePub</a>,<a href=https://hykulliyat.github.io/assets/Harun-Yahya-Kitaplar/EE/doc/evrimcilerinyanilgilari.doc target=_blank>DOC</a>
104,Evrimin Fosillere Yenilişi,<a href=https://hykulliyat.github.io/viewer/web/viewer.html?file=https://hykulliyat.github.io/assets/Harun-Yahya-Kitaplar/EE/pdf/evriminFosillereYenilisi-5bInt-tr.pdf target=_blank>PDF</a>,<a href=https://hykulliyat.github.io/viewer/ePubViewer/#https://hykulliyat.github.io/assets/Harun-Yahya-Kitaplar/EE/epub/evriminFosillereYenilisi-5bInt-tr.epub target=_blank>ePub</a>,<a href=https://hykulliyat.github.io/assets/Harun-Yahya-Kitaplar/EE/doc/evriminFosillereYenilisi-5bInt-tr.doc target=_blank>DOC</a>
105,Evrimin Mikrobiyolojik Çöküşü,<a href=https://hykulliyat.github.io/viewer/web/viewer.html?file=https://hykulliyat.github.io/assets/Harun-Yahya-Kitaplar/EE/pdf/EvriminMikrobiyolojikCokusu.pdf target=_blank>PDF</a>,<a href=https://hykulliyat.github.io/viewer/ePubViewer/#https://hykulliyat.github.io/assets/Harun-Yahya-Kitaplar/EE/epub/EvriminMikrobiyolojikCokusu.epub target=_blank>ePub</a>,<a href=https://hykulliyat.github.io/assets/Harun-Yahya-Kitaplar/EE/doc/EvriminMikrobiyolojikCokusu.doc target=_blank>DOC</a>
106,Gelin Birlik Olalım,<a href=https://hykulliyat.github.io/viewer/web/viewer.html?file=https://hykulliyat.github.io/assets/Harun-Yahya-Kitaplar/GG/pdf/Gelin-Birlik-Olalim-2b.pdf target=_blank>PDF</a>,<a href=https://hykulliyat.github.io/viewer/ePubViewer/#https://hykulliyat.github.io/assets/Harun-Yahya-Kitaplar/GG/epub/Gelin-Birlik-Olalim-2b.epub target=_blank>ePub</a>,<a href=https://hykulliyat.github.io/assets/Harun-Yahya-Kitaplar/GG/doc/Gelin-Birlik-Olalim-2b.doc target=_blank>DOC</a>
107,Gelin Birlik Olalım-Broşür,<a href=https://hykulliyat.github.io/viewer/web/viewer.html?file=https://hykulliyat.github.io/assets/Harun-Yahya-Kitaplar/GG/pdf/Gelin-Birlik-Olalim-brosur.pdf target=_blank>PDF</a>,<a href=https://hykulliyat.github.io/viewer/ePubViewer/#https://hykulliyat.github.io/assets/Harun-Yahya-Kitaplar/GG/epub/Gelin-Birlik-Olalim-brosur.epub target=_blank>ePub</a>,<a href=https://hykulliyat.github.io/assets/Harun-Yahya-Kitaplar/GG/doc/Gelin-Birlik-Olalim-brosur.doc target=_blank>DOC</a>
108,Gerçeği Bilmek,<a href=https://hykulliyat.github.io/viewer/web/viewer.html?file=https://hykulliyat.github.io/assets/Harun-Yahya-Kitaplar/GG/pdf/GercegiBilmek-2b.pdf target=_blank>PDF</a>,<a href=https://hykulliyat.github.io/viewer/ePubViewer/#https://hykulliyat.github.io/assets/Harun-Yahya-Kitaplar/GG/epub/GercegiBilmek-2b.epub target=_blank>ePub</a>,<a href=https://hykulliyat.github.io/assets/Harun-Yahya-Kitaplar/GG/doc/GercegiBilmek-2b.doc target=_blank>DOC</a>
109,Gerçeği Düşündünüz Mü?,<a href=https://hykulliyat.github.io/viewer/web/viewer.html?file=https://hykulliyat.github.io/assets/Harun-Yahya-Kitaplar/GG/pdf/gercegiDusundunuzMu-13b-tr.pdf target=_blank>PDF</a>,<a href=https://hykulliyat.github.io/viewer/ePubViewer/#https://hykulliyat.github.io/assets/Harun-Yahya-Kitaplar/GG/epub/gercegiDusundunuzMu-13b-tr.epub target=_blank>ePub</a>,<a href=https://hykulliyat.github.io/assets/Harun-Yahya-Kitaplar/GG/doc/gercegiDusundunuzMu-13b-tr.doc target=_blank>DOC</a>
110,Gerçek Atatürkçülük,<a href=https://hykulliyat.github.io/viewer/web/viewer.html?file=https://hykulliyat.github.io/assets/Harun-Yahya-Kitaplar/GG/pdf/GERCEK-ATATURKCULUK-2.pdf target=_blank>PDF</a>,<a href=https://hykulliyat.github.io/viewer/ePubViewer/#https://hykulliyat.github.io/assets/Harun-Yahya-Kitaplar/GG/epub/GERCEK-ATATURKCULUK-2.epub target=_blank>ePub</a>,<a href=https://hykulliyat.github.io/assets/Harun-Yahya-Kitaplar/GG/doc/GERCEK-ATATURKCULUK-2.doc target=_blank>DOC</a>
111,Gerçekler 1,<a href=https://hykulliyat.github.io/viewer/web/viewer.html?file=https://hykulliyat.github.io/assets/Harun-Yahya-Kitaplar/GG/pdf/gercekler1.pdf target=_blank>PDF</a>,<a href=https://hykulliyat.github.io/viewer/ePubViewer/#https://hykulliyat.github.io/assets/Harun-Yahya-Kitaplar/GG/epub/gercekler1.epub target=_blank>ePub</a>,<a href=https://hykulliyat.github.io/assets/Harun-Yahya-Kitaplar/GG/doc/gercekler1.doc target=_blank>DOC</a>
112,Gerçekler 2,<a href=https://hykulliyat.github.io/viewer/web/viewer.html?file=https://hykulliyat.github.io/assets/Harun-Yahya-Kitaplar/GG/pdf/Gercekler2.pdf target=_blank>PDF</a>,<a href=https://hykulliyat.github.io/viewer/ePubViewer/#https://hykulliyat.github.io/assets/Harun-Yahya-Kitaplar/GG/epub/Gercekler2.epub target=_blank>ePub</a>,<a href=https://hykulliyat.github.io/assets/Harun-Yahya-Kitaplar/GG/doc/Gercekler2.doc target=_blank>DOC</a>
113,Gizli Azapların Çözümü,<a href=https://hykulliyat.github.io/viewer/web/viewer.html?file=https://hykulliyat.github.io/assets/Harun-Yahya-Kitaplar/GG/pdf/gizliAzaplarinCozumu-8b-tr.pdf target=_blank>PDF</a>,<a href=https://hykulliyat.github.io/viewer/ePubViewer/#https://hykulliyat.github.io/assets/Harun-Yahya-Kitaplar/GG/epub/gizliAzaplarinCozumu-8b-tr.epub target=_blank>ePub</a>,<a href=https://hykulliyat.github.io/assets/Harun-Yahya-Kitaplar/GG/doc/gizliAzaplarinCozumu-8b-tr.doc target=_blank>DOC</a>
114,Global Masonluk 1.Cilt,<a href=https://hykulliyat.github.io/viewer/web/viewer.html?file=https://hykulliyat.github.io/assets/Harun-Yahya-Kitaplar/GG/pdf/global-masonluk-4b.pdf target=_blank>PDF</a>,<a href=https://hykulliyat.github.io/viewer/ePubViewer/#https://hykulliyat.github.io/assets/Harun-Yahya-Kitaplar/GG/epub/global-masonluk-4b.epub target=_blank>ePub</a>,<a href=https://hykulliyat.github.io/assets/Harun-Yahya-Kitaplar/GG/doc/global-masonluk-4b.doc target=_blank>DOC</a>
115,Göklerdeki İhtişam,<a href=https://hykulliyat.github.io/viewer/web/viewer.html?file=https://hykulliyat.github.io/assets/Harun-Yahya-Kitaplar/GG/pdf/goklerdekiIhtisam-5b-tr.pdf target=_blank>PDF</a>,<a href=https://hykulliyat.github.io/viewer/ePubViewer/#https://hykulliyat.github.io/assets/Harun-Yahya-Kitaplar/GG/epub/goklerdekiIhtisam-5b-tr.epub target=_blank>ePub</a>,<a href=https://hykulliyat.github.io/assets/Harun-Yahya-Kitaplar/GG/doc/goklerdekiIhtisam-5b-tr.doc target=_blank>DOC</a>
116,Gözardı Edilen Kuran Hükümleri,<a href=https://hykulliyat.github.io/viewer/web/viewer.html?file=https://hykulliyat.github.io/assets/Harun-Yahya-Kitaplar/GG/pdf/gozardi-edilen-Kuran-hukumleri-9b.pdf target=_blank>PDF</a>,<a href=https://hykulliyat.github.io/viewer/ePubViewer/#https://hykulliyat.github.io/assets/Harun-Yahya-Kitaplar/GG/epub/gozardi-edilen-Kuran-hukumleri-9b.epub target=_blank>ePub</a>,<a href=https://hykulliyat.github.io/assets/Harun-Yahya-Kitaplar/GG/doc/gozardi-edilen-Kuran-hukumleri-9b.doc target=_blank>DOC</a>
117,Gözdeki Mucize,<a href=https://hykulliyat.github.io/viewer/web/viewer.html?file=https://hykulliyat.github.io/assets/Harun-Yahya-Kitaplar/GG/pdf/gozdekiMucize-5b-tr.pdf target=_blank>PDF</a>,<a href=https://hykulliyat.github.io/viewer/ePubViewer/#https://hykulliyat.github.io/assets/Harun-Yahya-Kitaplar/GG/epub/gozdekiMucize-5b-tr.epub target=_blank>ePub</a>,<a href=https://hykulliyat.github.io/assets/Harun-Yahya-Kitaplar/GG/doc/gozdekiMucize-5b-tr.doc target=_blank>DOC</a>
118,Güzel Söze Uymanın Önemi,<a href=https://hykulliyat.github.io/viewer/web/viewer.html?file=https://hykulliyat.github.io/assets/Harun-Yahya-Kitaplar/GG/pdf/guzelSozeUymaninOnemi-10b-tr.pdf target=_blank>PDF</a>,<a href=https://hykulliyat.github.io/viewer/ePubViewer/#https://hykulliyat.github.io/assets/Harun-Yahya-Kitaplar/GG/epub/guzelSozeUymaninOnemi-10b-tr.epub target=_blank>ePub</a>,<a href=https://hykulliyat.github.io/assets/Harun-Yahya-Kitaplar/GG/doc/guzelSozeUymaninOnemi-10b-tr.doc target=_blank>DOC</a>
119,Harika Canlılar,<a href=https://hykulliyat.github.io/viewer/web/viewer.html?file=https://hykulliyat.github.io/assets/Harun-Yahya-Kitaplar/HH/pdf/harikaCanlilar-5b-tr.pdf target=_blank>PDF</a>,<a href=https://hykulliyat.github.io/viewer/ePubViewer/#https://hykulliyat.github.io/assets/Harun-Yahya-Kitaplar/HH/epub/harikaCanlilar-5b-tr.epub target=_blank>ePub</a>,<a href=https://hykulliyat.github.io/assets/Harun-Yahya-Kitaplar/HH/doc/harikaCanlilar-5b-tr.doc target=_blank>DOC</a>
120,Harun Yahya'nın Eserleri Hakkında Dünyadan Yankılar 1.Cilt,<a href=https://hykulliyat.github.io/viewer/web/viewer.html?file=https://hykulliyat.github.io/assets/Harun-Yahya-Kitaplar/HH/pdf/DunyadanYankilar2b.pdf target=_blank>PDF</a>,<a href=https://hykulliyat.github.io/viewer/ePubViewer/#https://hykulliyat.github.io/assets/Harun-Yahya-Kitaplar/HH/epub/DunyadanYankilar2b.epub target=_blank>ePub</a>,<a href=https://hykulliyat.github.io/assets/Harun-Yahya-Kitaplar/HH/doc/DunyadanYankilar2b.doc target=_blank>DOC</a>
121,Harun Yahya'nın Eserleri Hakkında Dünyadan Yankılar 2. Cilt,<a href=https://hykulliyat.github.io/viewer/web/viewer.html?file=https://hykulliyat.github.io/assets/Harun-Yahya-Kitaplar/HH/pdf/dunyadan-yankilar-2-2b.pdf target=_blank>PDF</a>,<a href=https://hykulliyat.github.io/viewer/ePubViewer/#https://hykulliyat.github.io/assets/Harun-Yahya-Kitaplar/HH/epub/dunyadan-yankilar-2-2b.epub target=_blank>ePub</a>,<a href=https://hykulliyat.github.io/assets/Harun-Yahya-Kitaplar/HH/doc/dunyadan-yankilar-2-2b.doc target=_blank>DOC</a>
122,Hayalin Diğer Adı: Madde,<a href=https://hykulliyat.github.io/viewer/web/viewer.html?file=https://hykulliyat.github.io/assets/Harun-Yahya-Kitaplar/HH/pdf/hayalinDigerAdiMadde-6b-tr.pdf target=_blank>PDF</a>,<a href=https://hykulliyat.github.io/viewer/ePubViewer/#https://hykulliyat.github.io/assets/Harun-Yahya-Kitaplar/HH/epub/hayalinDigerAdiMadde-6b-tr.epub target=_blank>ePub</a>,<a href=https://hykulliyat.github.io/assets/Harun-Yahya-Kitaplar/HH/doc/hayalinDigerAdiMadde-6b-tr.doc target=_blank>DOC</a>
123,Hayat Boyu Çalışan Mucize Makine: Enzim,<a href=https://hykulliyat.github.io/viewer/web/viewer.html?file=https://hykulliyat.github.io/assets/Harun-Yahya-Kitaplar/HH/pdf/MucizeMakineEnzim-2b.pdf target=_blank>PDF</a>,<a href=https://hykulliyat.github.io/viewer/ePubViewer/#https://hykulliyat.github.io/assets/Harun-Yahya-Kitaplar/HH/epub/MucizeMakineEnzim-2b.epub target=_blank>ePub</a>,<a href=https://hykulliyat.github.io/assets/Harun-Yahya-Kitaplar/HH/doc/MucizeMakineEnzim-2b.doc target=_blank>DOC</a>
124,Hayatın Gerçek Kökeni,<a href=https://hykulliyat.github.io/viewer/web/viewer.html?file=https://hykulliyat.github.io/assets/Harun-Yahya-Kitaplar/HH/pdf/HayatinGercekKokeni-5B-tr.pdf target=_blank>PDF</a>,<a href=https://hykulliyat.github.io/viewer/ePubViewer/#https://hykulliyat.github.io/assets/Harun-Yahya-Kitaplar/HH/epub/HayatinGercekKokeni-5B-tr.epub target=_blank>ePub</a>,<a href=https://hykulliyat.github.io/assets/Harun-Yahya-Kitaplar/HH/doc/HayatinGercekKokeni-5B-tr.doc target=_blank>DOC</a>
125,Hayvanlar Alemi,<a href=https://hykulliyat.github.io/viewer/web/viewer.html?file=https://hykulliyat.github.io/assets/Harun-Yahya-Kitaplar/HH/pdf/hayvanlarAlemi-4b-tr.pdf target=_blank>PDF</a>,<a href=https://hykulliyat.github.io/viewer/ePubViewer/#https://hykulliyat.github.io/assets/Harun-Yahya-Kitaplar/HH/epub/hayvanlarAlemi-4b-tr.epub target=_blank>ePub</a>,<a href=https://hykulliyat.github.io/assets/Harun-Yahya-Kitaplar/HH/doc/hayvanlarAlemi-4b-tr.doc target=_blank>DOC</a>
126,Hayvanlarda Göç Mucizesi,<a href=https://hykulliyat.github.io/viewer/web/viewer.html?file=https://hykulliyat.github.io/assets/Harun-Yahya-Kitaplar/HH/pdf/hayvanlarda-goc-3.pdf target=_blank>PDF</a>,<a href=https://hykulliyat.github.io/viewer/ePubViewer/#https://hykulliyat.github.io/assets/Harun-Yahya-Kitaplar/HH/epub/hayvanlarda-goc-3.epub target=_blank>ePub</a>,<a href=https://hykulliyat.github.io/assets/Harun-Yahya-Kitaplar/HH/doc/hayvanlarda-goc-3.doc target=_blank>DOC</a>
127,Hazreti İbrahim (as) ve Hazreti Lut (as),<a href=https://hykulliyat.github.io/viewer/web/viewer.html?file=https://hykulliyat.github.io/assets/Harun-Yahya-Kitaplar/HH/pdf/Hz-Ibrahim-Hz-Lut-3b-2010.pdf target=_blank>PDF</a>,<a href=https://hykulliyat.github.io/viewer/ePubViewer/#https://hykulliyat.github.io/assets/Harun-Yahya-Kitaplar/HH/epub/Hz-Ibrahim-Hz-Lut-3b-2010.epub target=_blank>ePub</a>,<a href=https://hykulliyat.github.io/assets/Harun-Yahya-Kitaplar/HH/doc/Hz-Ibrahim-Hz-Lut-3b-2010.doc target=_blank>DOC</a>
128,Hazreti İsa (as) Allah'ın Oğlu Değildir Allah'ın Peygamberidir,<a href=https://hykulliyat.github.io/viewer/web/viewer.html?file=https://hykulliyat.github.io/assets/Harun-Yahya-Kitaplar/HH/pdf/HzIsa-Allahin-oglu-degildir-Allahin-Peygamberidir.pdf target=_blank>PDF</a>,<a href=https://hykulliyat.github.io/viewer/ePubViewer/#https://hykulliyat.github.io/assets/Harun-Yahya-Kitaplar/HH/epub/HzIsa-Allahin-oglu-degildir-Allahin-Peygamberidir.epub target=_blank>ePub</a>,<a href=https://hykulliyat.github.io/assets/Harun-Yahya-Kitaplar/HH/doc/HzIsa-Allahin-oglu-degildir-Allahin-Peygamberidir.doc target=_blank>DOC</a>
129,Hz. İsa (a.s.) Hz. Mehdi (a.s.) Bu Yüzyılda Gelecek,<a href=https://hykulliyat.github.io/viewer/web/viewer.html?file=https://hykulliyat.github.io/assets/Harun-Yahya-Kitaplar/HH/pdf/Hz.-isa-a.s.-Ve-Hz.-Mehdi-a.s.-Bu-Yuzyilda-Gelecek.pdf target=_blank>PDF</a>,<a href=https://hykulliyat.github.io/viewer/ePubViewer/#https://hykulliyat.github.io/assets/Harun-Yahya-Kitaplar/HH/epub/Hz.-isa-a.s.-Ve-Hz.-Mehdi-a.s.-Bu-Yuzyilda-Gelecek.epub target=_blank>ePub</a>,<a href=https://hykulliyat.github.io/assets/Harun-Yahya-Kitaplar/HH/doc/Hz.-isa-a.s.-Ve-Hz.-Mehdi-a.s.-Bu-Yuzyilda-Gelecek.doc target=_blank>DOC</a>
130,Hazreti İsa (as) Ölmedi,<a href=https://hykulliyat.github.io/viewer/web/viewer.html?file=https://hykulliyat.github.io/assets/Harun-Yahya-Kitaplar/HH/pdf/Hz-Isa-Olmedi-2b.pdf target=_blank>PDF</a>,<a href=https://hykulliyat.github.io/viewer/ePubViewer/#https://hykulliyat.github.io/assets/Harun-Yahya-Kitaplar/HH/epub/Hz-Isa-Olmedi-2b.epub target=_blank>ePub</a>,<a href=https://hykulliyat.github.io/assets/Harun-Yahya-Kitaplar/HH/doc/Hz-Isa-Olmedi-2b.doc target=_blank>DOC</a>
131,Hazreti İsa (as)'ın Geliş Alametleri,<a href=https://hykulliyat.github.io/viewer/web/viewer.html?file=https://hykulliyat.github.io/assets/Harun-Yahya-Kitaplar/HH/pdf/hazretiIsaninGelisAlametleri-3b-tr.pdf target=_blank>PDF</a>,<a href=https://hykulliyat.github.io/viewer/ePubViewer/#https://hykulliyat.github.io/assets/Harun-Yahya-Kitaplar/HH/epub/hazretiIsaninGelisAlametleri-3b-tr.epub target=_blank>ePub</a>,<a href=https://hykulliyat.github.io/assets/Harun-Yahya-Kitaplar/HH/doc/hazretiIsaninGelisAlametleri-3b-tr.doc target=_blank>DOC</a>
132,Hazreti İsa Gelecek,<a href=https://hykulliyat.github.io/viewer/web/viewer.html?file=https://hykulliyat.github.io/assets/Harun-Yahya-Kitaplar/HH/pdf/Hz.-Isa-Gelecek-7b.pdf target=_blank>PDF</a>,<a href=https://hykulliyat.github.io/viewer/ePubViewer/#https://hykulliyat.github.io/assets/Harun-Yahya-Kitaplar/HH/epub/Hz.-Isa-Gelecek-7b.epub target=_blank>ePub</a>,<a href=https://hykulliyat.github.io/assets/Harun-Yahya-Kitaplar/HH/doc/Hz.-Isa-Gelecek-7b.doc target=_blank>DOC</a>
133,Hazreti Muhammed (sav),<a href=https://hykulliyat.github.io/viewer/web/viewer.html?file=https://hykulliyat.github.io/assets/Harun-Yahya-Kitaplar/HH/pdf/hazretiMuhammed-21b-tr.pdf target=_blank>PDF</a>,<a href=https://hykulliyat.github.io/viewer/ePubViewer/#https://hykulliyat.github.io/assets/Harun-Yahya-Kitaplar/HH/epub/hazretiMuhammed-21b-tr.epub target=_blank>ePub</a>,<a href=https://hykulliyat.github.io/assets/Harun-Yahya-Kitaplar/HH/doc/hazretiMuhammed-21b-tr.doc target=_blank>DOC</a>
134,Hazreti Musa (as),<a href=https://hykulliyat.github.io/viewer/web/viewer.html?file=https://hykulliyat.github.io/assets/Harun-Yahya-Kitaplar/HH/pdf/Hz-Musa-as-5b.pdf target=_blank>PDF</a>,<a href=https://hykulliyat.github.io/viewer/ePubViewer/#https://hykulliyat.github.io/assets/Harun-Yahya-Kitaplar/HH/epub/Hz-Musa-as-5b.epub target=_blank>ePub</a>,<a href=https://hykulliyat.github.io/assets/Harun-Yahya-Kitaplar/HH/doc/Hz-Musa-as-5b.doc target=_blank>DOC</a>
135,Hazreti Süleyman,<a href=https://hykulliyat.github.io/viewer/web/viewer.html?file=https://hykulliyat.github.io/assets/Harun-Yahya-Kitaplar/HH/pdf/HZ-SULEYMAN-5b.pdf target=_blank>PDF</a>,<a href=https://hykulliyat.github.io/viewer/ePubViewer/#https://hykulliyat.github.io/assets/Harun-Yahya-Kitaplar/HH/epub/HZ-SULEYMAN-5b.epub target=_blank>ePub</a>,<a href=https://hykulliyat.github.io/assets/Harun-Yahya-Kitaplar/HH/doc/HZ-SULEYMAN-5b.doc target=_blank>DOC</a>
136,Hazreti Yusuf (as),<a href=https://hykulliyat.github.io/viewer/web/viewer.html?file=https://hykulliyat.github.io/assets/Harun-Yahya-Kitaplar/HH/pdf/hazretiYusuf-6b-tr.pdf target=_blank>PDF</a>,<a href=https://hykulliyat.github.io/viewer/ePubViewer/#https://hykulliyat.github.io/assets/Harun-Yahya-Kitaplar/HH/epub/hazretiYusuf-6b-tr.epub target=_blank>ePub</a>,<a href=https://hykulliyat.github.io/assets/Harun-Yahya-Kitaplar/HH/doc/hazretiYusuf-6b-tr.doc target=_blank>DOC</a>
137,Hazreti Yusuf Medresesi,<a href=https://hykulliyat.github.io/viewer/web/viewer.html?file=https://hykulliyat.github.io/assets/Harun-Yahya-Kitaplar/HH/pdf/hazretiYusufMedresesi-10b-tr.pdf target=_blank>PDF</a>,<a href=https://hykulliyat.github.io/viewer/ePubViewer/#https://hykulliyat.github.io/assets/Harun-Yahya-Kitaplar/HH/epub/hazretiYusufMedresesi-10b-tr.epub target=_blank>ePub</a>,<a href=https://hykulliyat.github.io/assets/Harun-Yahya-Kitaplar/HH/doc/hazretiYusufMedresesi-10b-tr.doc target=_blank>DOC</a>
138,Herşeyde Hayır Görmek,<a href=https://hykulliyat.github.io/viewer/web/viewer.html?file=https://hykulliyat.github.io/assets/Harun-Yahya-Kitaplar/HH/pdf/herseydeHayirGormek-10b-tr.pdf target=_blank>PDF</a>,<a href=https://hykulliyat.github.io/viewer/ePubViewer/#https://hykulliyat.github.io/assets/Harun-Yahya-Kitaplar/HH/epub/herseydeHayirGormek-10b-tr.epub target=_blank>ePub</a>,<a href=https://hykulliyat.github.io/assets/Harun-Yahya-Kitaplar/HH/doc/herseydeHayirGormek-10b-tr.doc target=_blank>DOC</a>
139,Hormon Mucizesi,<a href=https://hykulliyat.github.io/viewer/web/viewer.html?file=https://hykulliyat.github.io/assets/Harun-Yahya-Kitaplar/HH/pdf/HormonMucizesi-3b.pdf target=_blank>PDF</a>,<a href=https://hykulliyat.github.io/viewer/ePubViewer/#https://hykulliyat.github.io/assets/Harun-Yahya-Kitaplar/HH/epub/HormonMucizesi-3b.epub target=_blank>ePub</a>,<a href=https://hykulliyat.github.io/assets/Harun-Yahya-Kitaplar/HH/doc/HormonMucizesi-3b.doc target=_blank>DOC</a>
140,Hristiyanlar Hz. İsa'yı Dinlesinler,<a href=https://hykulliyat.github.io/viewer/web/viewer.html?file=https://hykulliyat.github.io/assets/Harun-Yahya-Kitaplar/HH/pdf/hristiyanlarHzIsayiDinlesinler-1b-tr-t2015.pdf target=_blank>PDF</a>,<a href=https://hykulliyat.github.io/viewer/ePubViewer/#https://hykulliyat.github.io/assets/Harun-Yahya-Kitaplar/HH/epub/hristiyanlarHzIsayiDinlesinler-1b-tr-t2015.epub target=_blank>ePub</a>,<a href=https://hykulliyat.github.io/assets/Harun-Yahya-Kitaplar/HH/doc/hristiyanlarHzIsayiDinlesinler-1b-tr-t2015.doc target=_blank>DOC</a>
141,Hücre Zarındaki Mucize,<a href=https://hykulliyat.github.io/viewer/web/viewer.html?file=https://hykulliyat.github.io/assets/Harun-Yahya-Kitaplar/HH/pdf/Hucre-Zarindaki-Mucize-3b.pdf target=_blank>PDF</a>,<a href=https://hykulliyat.github.io/viewer/ePubViewer/#https://hykulliyat.github.io/assets/Harun-Yahya-Kitaplar/HH/epub/Hucre-Zarindaki-Mucize-3b.epub target=_blank>ePub</a>,<a href=https://hykulliyat.github.io/assets/Harun-Yahya-Kitaplar/HH/doc/Hucre-Zarindaki-Mucize-3b.doc target=_blank>DOC</a>
142,Hücredeki Bilinç,<a href=https://hykulliyat.github.io/viewer/web/viewer.html?file=https://hykulliyat.github.io/assets/Harun-Yahya-Kitaplar/HH/pdf/hucredekiBilinc-4b-tr.pdf target=_blank>PDF</a>,<a href=https://hykulliyat.github.io/viewer/ePubViewer/#https://hykulliyat.github.io/assets/Harun-Yahya-Kitaplar/HH/epub/hucredekiBilinc-4b-tr.epub target=_blank>ePub</a>,<a href=https://hykulliyat.github.io/assets/Harun-Yahya-Kitaplar/HH/doc/hucredekiBilinc-4b-tr.doc target=_blank>DOC</a>
143,Hücredeki Mucize,<a href=https://hykulliyat.github.io/viewer/web/viewer.html?file=https://hykulliyat.github.io/assets/Harun-Yahya-Kitaplar/HH/pdf/hucredekiMucize-2b-tr.pdf target=_blank>PDF</a>,<a href=https://hykulliyat.github.io/viewer/ePubViewer/#https://hykulliyat.github.io/assets/Harun-Yahya-Kitaplar/HH/epub/hucredekiMucize-2b-tr.epub target=_blank>ePub</a>,<a href=https://hykulliyat.github.io/assets/Harun-Yahya-Kitaplar/HH/doc/hucredekiMucize-2b-tr.doc target=_blank>DOC</a>
144,Hz. Mehdi (as) Hakkında Bilgiler,<a href=https://hykulliyat.github.io/viewer/web/viewer.html?file=https://hykulliyat.github.io/assets/Harun-Yahya-Kitaplar/HH/pdf/Hz-Mehdi-as-Hakkinda-Bilgiler.pdf target=_blank>PDF</a>,<a href=https://hykulliyat.github.io/viewer/ePubViewer/#https://hykulliyat.github.io/assets/Harun-Yahya-Kitaplar/HH/epub/Hz-Mehdi-as-Hakkinda-Bilgiler.epub target=_blank>ePub</a>,<a href=https://hykulliyat.github.io/assets/Harun-Yahya-Kitaplar/HH/doc/Hz-Mehdi-as-Hakkinda-Bilgiler.doc target=_blank>DOC</a>
145,Hz. Mehdi (as) Hz. İbrahim (as)'ın Neslindendir,<a href=https://hykulliyat.github.io/viewer/web/viewer.html?file=https://hykulliyat.github.io/assets/Harun-Yahya-Kitaplar/HH/pdf/HzMehdi-HzIbrahim-neslindendir-2b.pdf target=_blank>PDF</a>,<a href=https://hykulliyat.github.io/viewer/ePubViewer/#https://hykulliyat.github.io/assets/Harun-Yahya-Kitaplar/HH/epub/HzMehdi-HzIbrahim-neslindendir-2b.epub target=_blank>ePub</a>,<a href=https://hykulliyat.github.io/assets/Harun-Yahya-Kitaplar/HH/doc/HzMehdi-HzIbrahim-neslindendir-2b.doc target=_blank>DOC</a>
146,Hz. Mehdinin Çıkış Alametleri ve Özellikleri-Kitapçık,<a href=https://hykulliyat.github.io/viewer/web/viewer.html?file=https://hykulliyat.github.io/assets/Harun-Yahya-Kitaplar/HH/pdf/Hazreti-Mehdi-nin-Çıkış-Alametleri-Ve-Özellikler-3b.pdf target=_blank>PDF</a>,<a href=https://hykulliyat.github.io/viewer/ePubViewer/#https://hykulliyat.github.io/assets/Harun-Yahya-Kitaplar/HH/epub/Hazreti-Mehdi-nin-Çıkış-Alametleri-Ve-Özellikler-3b.epub target=_blank>ePub</a>,<a href=https://hykulliyat.github.io/assets/Harun-Yahya-Kitaplar/HH/doc/Hazreti-Mehdi-nin-Çıkış-Alametleri-Ve-Özellikler-3b.doc target=_blank>DOC</a>
147,İdealizm: Matrix Felsefesi ve Maddenin Gerçeği,<a href=https://hykulliyat.github.io/viewer/web/viewer.html?file=https://hykulliyat.github.io/assets/Harun-Yahya-Kitaplar/II/pdf/matrix-3b.pdf target=_blank>PDF</a>,<a href=https://hykulliyat.github.io/viewer/ePubViewer/#https://hykulliyat.github.io/assets/Harun-Yahya-Kitaplar/II/epub/matrix-3b.epub target=_blank>ePub</a>,<a href=https://hykulliyat.github.io/assets/Harun-Yahya-Kitaplar/II/doc/matrix-3b.doc target=_blank>DOC</a>
148,İhtişam Her Yerde,<a href=https://hykulliyat.github.io/viewer/web/viewer.html?file=https://hykulliyat.github.io/assets/Harun-Yahya-Kitaplar/II/pdf/ihtisamHerYerde-5b-tr.pdf target=_blank>PDF</a>,<a href=https://hykulliyat.github.io/viewer/ePubViewer/#https://hykulliyat.github.io/assets/Harun-Yahya-Kitaplar/II/epub/ihtisamHerYerde-5b-tr.epub target=_blank>ePub</a>,<a href=https://hykulliyat.github.io/assets/Harun-Yahya-Kitaplar/II/doc/ihtisamHerYerde-5b-tr.doc target=_blank>DOC</a>
149,İman Hakikatlerinin Önemi,<a href=https://hykulliyat.github.io/viewer/web/viewer.html?file=https://hykulliyat.github.io/assets/Harun-Yahya-Kitaplar/II/pdf/imanHakikatlerininOnemi-4b-tr.pdf target=_blank>PDF</a>,<a href=https://hykulliyat.github.io/viewer/ePubViewer/#https://hykulliyat.github.io/assets/Harun-Yahya-Kitaplar/II/epub/imanHakikatlerininOnemi-4b-tr.epub target=_blank>ePub</a>,<a href=https://hykulliyat.github.io/assets/Harun-Yahya-Kitaplar/II/doc/imanHakikatlerininOnemi-4b-tr.doc target=_blank>DOC</a>
150,İmanı Çabuk Anlamak 1,<a href=https://hykulliyat.github.io/viewer/web/viewer.html?file=https://hykulliyat.github.io/assets/Harun-Yahya-Kitaplar/II/pdf/imaniCabukAnlamak1-7b-tr.pdf target=_blank>PDF</a>,<a href=https://hykulliyat.github.io/viewer/ePubViewer/#https://hykulliyat.github.io/assets/Harun-Yahya-Kitaplar/II/epub/imaniCabukAnlamak1-7b-tr.epub target=_blank>ePub</a>,<a href=https://hykulliyat.github.io/assets/Harun-Yahya-Kitaplar/II/doc/imaniCabukAnlamak1-7b-tr.doc target=_blank>DOC</a>
151,İmanı Çabuk Anlamak 2,<a href=https://hykulliyat.github.io/viewer/web/viewer.html?file=https://hykulliyat.github.io/assets/Harun-Yahya-Kitaplar/II/pdf/imaniCabukAnlamak2-6b-tr.pdf target=_blank>PDF</a>,<a href=https://hykulliyat.github.io/viewer/ePubViewer/#https://hykulliyat.github.io/assets/Harun-Yahya-Kitaplar/II/epub/imaniCabukAnlamak2-6b-tr.epub target=_blank>ePub</a>,<a href=https://hykulliyat.github.io/assets/Harun-Yahya-Kitaplar/II/doc/imaniCabukAnlamak2-6b-tr.doc target=_blank>DOC</a>
152,İmanı Çabuk Anlamak 3,<a href=https://hykulliyat.github.io/viewer/web/viewer.html?file=https://hykulliyat.github.io/assets/Harun-Yahya-Kitaplar/II/pdf/imaniCabukAnlamak3-7b-tr.pdf target=_blank>PDF</a>,<a href=https://hykulliyat.github.io/viewer/ePubViewer/#https://hykulliyat.github.io/assets/Harun-Yahya-Kitaplar/II/epub/imaniCabukAnlamak3-7b-tr.epub target=_blank>ePub</a>,<a href=https://hykulliyat.github.io/assets/Harun-Yahya-Kitaplar/II/doc/imaniCabukAnlamak3-7b-tr.doc target=_blank>DOC</a>
153,İmanın Güzellikleri,<a href=https://hykulliyat.github.io/viewer/web/viewer.html?file=https://hykulliyat.github.io/assets/Harun-Yahya-Kitaplar/II/pdf/imaninGuzellikleri-4b-tr.pdf target=_blank>PDF</a>,<a href=https://hykulliyat.github.io/viewer/ePubViewer/#https://hykulliyat.github.io/assets/Harun-Yahya-Kitaplar/II/epub/imaninGuzellikleri-4b-tr.epub target=_blank>ePub</a>,<a href=https://hykulliyat.github.io/assets/Harun-Yahya-Kitaplar/II/doc/imaninGuzellikleri-4b-tr.doc target=_blank>DOC</a>
154,İmtihanın Sırrı,<a href=https://hykulliyat.github.io/viewer/web/viewer.html?file=https://hykulliyat.github.io/assets/Harun-Yahya-Kitaplar/II/pdf/imtihaninSirri-12b-tr.pdf target=_blank>PDF</a>,<a href=https://hykulliyat.github.io/viewer/ePubViewer/#https://hykulliyat.github.io/assets/Harun-Yahya-Kitaplar/II/epub/imtihaninSirri-12b-tr.epub target=_blank>ePub</a>,<a href=https://hykulliyat.github.io/assets/Harun-Yahya-Kitaplar/II/doc/imtihaninSirri-12b-tr.doc target=_blank>DOC</a>
155,İnanç Gerçekleri,<a href=https://hykulliyat.github.io/viewer/web/viewer.html?file=https://hykulliyat.github.io/assets/Harun-Yahya-Kitaplar/II/pdf/inancgercekleri2.pdf target=_blank>PDF</a>,<a href=https://hykulliyat.github.io/viewer/ePubViewer/#https://hykulliyat.github.io/assets/Harun-Yahya-Kitaplar/II/epub/inancgercekleri2.epub target=_blank>ePub</a>,<a href=https://hykulliyat.github.io/assets/Harun-Yahya-Kitaplar/II/doc/inancgercekleri2.doc target=_blank>DOC</a>
156,İncil'de Sevgi,<a href=https://hykulliyat.github.io/viewer/web/viewer.html?file=https://hykulliyat.github.io/assets/Harun-Yahya-Kitaplar/II/pdf/incildeSevgi-brosur-1b-tr.pdf target=_blank>PDF</a>,<a href=https://hykulliyat.github.io/viewer/ePubViewer/#https://hykulliyat.github.io/assets/Harun-Yahya-Kitaplar/II/epub/incildeSevgi-brosur-1b-tr.epub target=_blank>ePub</a>,<a href=https://hykulliyat.github.io/assets/Harun-Yahya-Kitaplar/II/doc/incildeSevgi-brosur-1b-tr.doc target=_blank>DOC</a>
157,İngiliz Derin Devletinin İçyüzü 1. Cilt,<a href=https://hykulliyat.github.io/viewer/web/viewer.html?file=https://hykulliyat.github.io/assets/Harun-Yahya-Kitaplar/II/idd/C1/ustAkilIngilizDerinDevletininIcyuzu-3b-tr.pdf target=_blank>PDF</a>,<a href=https://hykulliyat.github.io/viewer/ePubViewer/#https://hykulliyat.github.io/assets/Harun-Yahya-Kitaplar/II/idd/C1/ustAkilIngilizDerinDevletininIcyuzu_3b_tr.epub target=_blank>ePub</a>,<a href=https://hykulliyat.github.io/assets/Harun-Yahya-Kitaplar/II/idd/C1/ustAkilIngilizDerinDevletininIcyuzu_3b_tr.docx target=_blank>DOC</a>
158,İngiliz Derin Devletinin İçyüzü 2. Cilt,<a href=https://hykulliyat.github.io/viewer/web/viewer.html?file=https://hykulliyat.github.io/assets/Harun-Yahya-Kitaplar/II/idd/C2/ustAkilIngilizDerinDevletininIcyuzu-cilt2-2b-tr.pdf target=_blank>PDF</a>,<a href=https://hykulliyat.github.io/viewer/ePubViewer/#https://hykulliyat.github.io/assets/Harun-Yahya-Kitaplar/II/idd/C2/ustAkilIngilizDerinDevletininIcyuzu_cilt2_2b_tr.epub target=_blank>ePub</a>,<a href=https://hykulliyat.github.io/assets/Harun-Yahya-Kitaplar/II/idd/C2/ustAkilIngilizDerinDevletininIcyuzu_cilt2_2b_tr.doc target=_blank>DOC</a>
159,İncil'den Güzel Sözler,<a href=https://hykulliyat.github.io/viewer/web/viewer.html?file=https://hykulliyat.github.io/assets/Harun-Yahya-Kitaplar/II/pdf/Incilden-Guzel-Sozler.pdf target=_blank>PDF</a>,<a href=https://hykulliyat.github.io/viewer/ePubViewer/#https://hykulliyat.github.io/assets/Harun-Yahya-Kitaplar/II/epub/Incilden-Guzel-Sozler.epub target=_blank>ePub</a>,<a href=https://hykulliyat.github.io/assets/Harun-Yahya-Kitaplar/II/doc/Incilden-Guzel-Sozler.doc target=_blank>DOC</a>
160,İnsan Mucizesi,<a href=https://hykulliyat.github.io/viewer/web/viewer.html?file=https://hykulliyat.github.io/assets/Harun-Yahya-Kitaplar/II/pdf/insanMucizesi-5b-tr.pdf target=_blank>PDF</a>,<a href=https://hykulliyat.github.io/viewer/ePubViewer/#https://hykulliyat.github.io/assets/Harun-Yahya-Kitaplar/II/epub/insanMucizesi-5b-tr.epub target=_blank>ePub</a>,<a href=https://hykulliyat.github.io/assets/Harun-Yahya-Kitaplar/II/doc/insanMucizesi-5b-tr.doc target=_blank>DOC</a>
161,İnsanın Apaçık Düşmanı: Şeytan,<a href=https://hykulliyat.github.io/viewer/web/viewer.html?file=https://hykulliyat.github.io/assets/Harun-Yahya-Kitaplar/II/pdf/insaninApacikDusmaniSeytan-11b-tr.pdf target=_blank>PDF</a>,<a href=https://hykulliyat.github.io/viewer/ePubViewer/#https://hykulliyat.github.io/assets/Harun-Yahya-Kitaplar/II/epub/insaninApacikDusmaniSeytan-11b-tr.epub target=_blank>ePub</a>,<a href=https://hykulliyat.github.io/assets/Harun-Yahya-Kitaplar/II/doc/insaninApacikDusmaniSeytan-11b-tr.doc target=_blank>DOC</a>
162,İnsanın Yaratılış Mucizesi,<a href=https://hykulliyat.github.io/viewer/web/viewer.html?file=https://hykulliyat.github.io/assets/Harun-Yahya-Kitaplar/II/pdf/insaninYaratilisMucizesi-5b-tr.pdf target=_blank>PDF</a>,<a href=https://hykulliyat.github.io/viewer/ePubViewer/#https://hykulliyat.github.io/assets/Harun-Yahya-Kitaplar/II/epub/insaninYaratilisMucizesi-5b-tr.epub target=_blank>ePub</a>,<a href=https://hykulliyat.github.io/assets/Harun-Yahya-Kitaplar/II/doc/insaninYaratilisMucizesi-5b-tr.doc target=_blank>DOC</a>
163,İslam Terörü Lanetler,<a href=https://hykulliyat.github.io/viewer/web/viewer.html?file=https://hykulliyat.github.io/assets/Harun-Yahya-Kitaplar/II/pdf/541---islam-Teroru-Lanetler---6.-Baski.pdf target=_blank>PDF</a>,<a href=https://hykulliyat.github.io/viewer/ePubViewer/#https://hykulliyat.github.io/assets/Harun-Yahya-Kitaplar/II/epub/541---islam-Teroru-Lanetler---6.-Baski.epub target=_blank>ePub</a>,<a href=https://hykulliyat.github.io/assets/Harun-Yahya-Kitaplar/II/doc/541---islam-Teroru-Lanetler---6.-Baski.doc target=_blank>DOC</a>
164,İslam ve Budizm,<a href=https://hykulliyat.github.io/viewer/web/viewer.html?file=https://hykulliyat.github.io/assets/Harun-Yahya-Kitaplar/II/pdf/Islamvebudizm-3b.pdf target=_blank>PDF</a>,<a href=https://hykulliyat.github.io/viewer/ePubViewer/#https://hykulliyat.github.io/assets/Harun-Yahya-Kitaplar/II/epub/Islamvebudizm-3b.epub target=_blank>ePub</a>,<a href=https://hykulliyat.github.io/assets/Harun-Yahya-Kitaplar/II/doc/Islamvebudizm-3b.doc target=_blank>DOC</a>
165,İslam ve Karma Felsefesi,<a href=https://hykulliyat.github.io/viewer/web/viewer.html?file=https://hykulliyat.github.io/assets/Harun-Yahya-Kitaplar/II/pdf/islamVeKarmaFelsefesi-3b-tr.pdf target=_blank>PDF</a>,<a href=https://hykulliyat.github.io/viewer/ePubViewer/#https://hykulliyat.github.io/assets/Harun-Yahya-Kitaplar/II/epub/islamVeKarmaFelsefesi-3b-tr.epub target=_blank>ePub</a>,<a href=https://hykulliyat.github.io/assets/Harun-Yahya-Kitaplar/II/doc/islamVeKarmaFelsefesi-3b-tr.doc target=_blank>DOC</a>
166,İslam ve Uzakdoğu Dinleri,<a href=https://hykulliyat.github.io/viewer/web/viewer.html?file=https://hykulliyat.github.io/assets/Harun-Yahya-Kitaplar/II/pdf/uzakdogudinleri.pdf target=_blank>PDF</a>,<a href=https://hykulliyat.github.io/viewer/ePubViewer/#https://hykulliyat.github.io/assets/Harun-Yahya-Kitaplar/II/epub/uzakdogudinleri.epub target=_blank>ePub</a>,<a href=https://hykulliyat.github.io/assets/Harun-Yahya-Kitaplar/II/doc/uzakdogudinleri.doc target=_blank>DOC</a>
167,İslam'ın İnanç Esasları,<a href=https://hykulliyat.github.io/viewer/web/viewer.html?file=https://hykulliyat.github.io/assets/Harun-Yahya-Kitaplar/II/pdf/islaminInancEsaslari-11b-tr.pdf target=_blank>PDF</a>,<a href=https://hykulliyat.github.io/viewer/ePubViewer/#https://hykulliyat.github.io/assets/Harun-Yahya-Kitaplar/II/epub/islaminInancEsaslari-11b-tr.epub target=_blank>ePub</a>,<a href=https://hykulliyat.github.io/assets/Harun-Yahya-Kitaplar/II/doc/islaminInancEsaslari-11b-tr.doc target=_blank>DOC</a>
168,İslam'ın Kışı Ve Beklenen Baharı,<a href=https://hykulliyat.github.io/viewer/web/viewer.html?file=https://hykulliyat.github.io/assets/Harun-Yahya-Kitaplar/II/pdf/islamin-kisi-ve-beklenen-bahari-2b.pdf target=_blank>PDF</a>,<a href=https://hykulliyat.github.io/viewer/ePubViewer/#https://hykulliyat.github.io/assets/Harun-Yahya-Kitaplar/II/epub/islamin-kisi-ve-beklenen-bahari-2b.epub target=_blank>ePub</a>,<a href=https://hykulliyat.github.io/assets/Harun-Yahya-Kitaplar/II/doc/islamin-kisi-ve-beklenen-bahari-2b.doc target=_blank>DOC</a>
169,İyilerin İttifakı,<a href=https://hykulliyat.github.io/viewer/web/viewer.html?file=https://hykulliyat.github.io/assets/Harun-Yahya-Kitaplar/II/pdf/iyilerinIttifaki-10b-tr.pdf target=_blank>PDF</a>,<a href=https://hykulliyat.github.io/viewer/ePubViewer/#https://hykulliyat.github.io/assets/Harun-Yahya-Kitaplar/II/epub/iyilerinIttifaki-10b-tr.epub target=_blank>ePub</a>,<a href=https://hykulliyat.github.io/assets/Harun-Yahya-Kitaplar/II/doc/iyilerinIttifaki-10b-tr.doc target=_blank>DOC</a>
170,Kabala Ve Masonluk,<a href=https://hykulliyat.github.io/viewer/web/viewer.html?file=https://hykulliyat.github.io/assets/Harun-Yahya-Kitaplar/KK/pdf/Kabala-Ve-Masonluk---2.-Baski.pdf target=_blank>PDF</a>,<a href=https://hykulliyat.github.io/viewer/ePubViewer/#https://hykulliyat.github.io/assets/Harun-Yahya-Kitaplar/KK/epub/Kabala-Ve-Masonluk---2.-Baski.epub target=_blank>ePub</a>,<a href=https://hykulliyat.github.io/assets/Harun-Yahya-Kitaplar/KK/doc/Kabala-Ve-Masonluk---2.-Baski.doc target=_blank>DOC</a>
171,Kainattaki Kusursuzluk Tesadüf Değil,<a href=https://hykulliyat.github.io/viewer/web/viewer.html?file=https://hykulliyat.github.io/assets/Harun-Yahya-Kitaplar/KK/pdf/Kainattaki-Kusursuzluk-Tesaduf-Degil-4b.pdf target=_blank>PDF</a>,<a href=https://hykulliyat.github.io/viewer/ePubViewer/#https://hykulliyat.github.io/assets/Harun-Yahya-Kitaplar/KK/epub/Kainattaki-Kusursuzluk-Tesaduf-Degil-4b.epub target=_blank>ePub</a>,<a href=https://hykulliyat.github.io/assets/Harun-Yahya-Kitaplar/KK/doc/Kainattaki-Kusursuzluk-Tesaduf-Degil-4b.doc target=_blank>DOC</a>
172,Kamil İman,<a href=https://hykulliyat.github.io/viewer/web/viewer.html?file=https://hykulliyat.github.io/assets/Harun-Yahya-Kitaplar/KK/pdf/kamilIman-10b-tr.pdf target=_blank>PDF</a>,<a href=https://hykulliyat.github.io/viewer/ePubViewer/#https://hykulliyat.github.io/assets/Harun-Yahya-Kitaplar/KK/epub/kamilIman-10b-tr.epub target=_blank>ePub</a>,<a href=https://hykulliyat.github.io/assets/Harun-Yahya-Kitaplar/KK/doc/kamilIman-10b-tr.doc target=_blank>DOC</a>
173,Kan ve Kalp Mucizesi,<a href=https://hykulliyat.github.io/viewer/web/viewer.html?file=https://hykulliyat.github.io/assets/Harun-Yahya-Kitaplar/KK/pdf/kanveKalpMucizesi-4b-tr.pdf target=_blank>PDF</a>,<a href=https://hykulliyat.github.io/viewer/ePubViewer/#https://hykulliyat.github.io/assets/Harun-Yahya-Kitaplar/KK/epub/kanveKalpMucizesi-4b-tr.epub target=_blank>ePub</a>,<a href=https://hykulliyat.github.io/assets/Harun-Yahya-Kitaplar/KK/doc/kanveKalpMucizesi-4b-tr.doc target=_blank>DOC</a>
174,Kara Klan,<a href=https://hykulliyat.github.io/viewer/web/viewer.html?file=https://hykulliyat.github.io/assets/Harun-Yahya-Kitaplar/KK/pdf/KaraKlan-2b.pdf target=_blank>PDF</a>,<a href=https://hykulliyat.github.io/viewer/ePubViewer/#https://hykulliyat.github.io/assets/Harun-Yahya-Kitaplar/KK/epub/KaraKlan-2b.epub target=_blank>ePub</a>,<a href=https://hykulliyat.github.io/assets/Harun-Yahya-Kitaplar/KK/doc/KaraKlan-2b.doc target=_blank>DOC</a>
175,Karanlık Tehlike: Bağnazlık,<a href=https://hykulliyat.github.io/viewer/web/viewer.html?file=https://hykulliyat.github.io/assets/Harun-Yahya-Kitaplar/KK/pdf/karanlikTehlikeBagnazlik-8b-tr.pdf target=_blank>PDF</a>,<a href=https://hykulliyat.github.io/viewer/ePubViewer/#https://hykulliyat.github.io/assets/Harun-Yahya-Kitaplar/KK/epub/karanlikTehlikeBagnazlik-8b-tr.epub target=_blank>ePub</a>,<a href=https://hykulliyat.github.io/assets/Harun-Yahya-Kitaplar/KK/doc/karanlikTehlikeBagnazlik-8b-tr.doc target=_blank>DOC</a>
176,Karınca Mucizesi,<a href=https://hykulliyat.github.io/viewer/web/viewer.html?file=https://hykulliyat.github.io/assets/Harun-Yahya-Kitaplar/KK/pdf/karincaMucizesi-4b-tr.pdf target=_blank>PDF</a>,<a href=https://hykulliyat.github.io/viewer/ePubViewer/#https://hykulliyat.github.io/assets/Harun-Yahya-Kitaplar/KK/epub/karincaMucizesi-4b-tr.epub target=_blank>ePub</a>,<a href=https://hykulliyat.github.io/assets/Harun-Yahya-Kitaplar/KK/doc/karincaMucizesi-4b-tr.doc target=_blank>DOC</a>
177,Kavimlerin Helakı,<a href=https://hykulliyat.github.io/viewer/web/viewer.html?file=https://hykulliyat.github.io/assets/Harun-Yahya-Kitaplar/KK/pdf/Kavimlerin-Helaki-11b.pdf target=_blank>PDF</a>,<a href=https://hykulliyat.github.io/viewer/ePubViewer/#https://hykulliyat.github.io/assets/Harun-Yahya-Kitaplar/KK/epub/Kavimlerin-Helaki-11b.epub target=_blank>ePub</a>,<a href=https://hykulliyat.github.io/assets/Harun-Yahya-Kitaplar/KK/doc/Kavimlerin-Helaki-11b.doc target=_blank>DOC</a>
178,Kehf Suresi’nden Ahir Zamana İşaretler,<a href=https://hykulliyat.github.io/viewer/web/viewer.html?file=https://hykulliyat.github.io/assets/Harun-Yahya-Kitaplar/KK/pdf/kehfSuresindenAhirZamanaIsaretler-4bT.pdf target=_blank>PDF</a>,<a href=https://hykulliyat.github.io/viewer/ePubViewer/#https://hykulliyat.github.io/assets/Harun-Yahya-Kitaplar/KK/epub/kehfSuresindenAhirZamanaIsaretler-4bT.epub target=_blank>ePub</a>,<a href=https://hykulliyat.github.io/assets/Harun-Yahya-Kitaplar/KK/doc/kehfSuresindenAhirZamanaIsaretler-4bT.doc target=_blank>DOC</a>
179,Kehf Suresi’nden Günümüze İşaretler,<a href=https://hykulliyat.github.io/viewer/web/viewer.html?file=https://hykulliyat.github.io/assets/Harun-Yahya-Kitaplar/KK/pdf/kehfSuresindenGunumuzeIsaretler-1b-tr.pdf target=_blank>PDF</a>,<a href=https://hykulliyat.github.io/viewer/ePubViewer/#https://hykulliyat.github.io/assets/Harun-Yahya-Kitaplar/KK/epub/kehfSuresindenGunumuzeIsaretler-1b-tr.epub target=_blank>ePub</a>,<a href=https://hykulliyat.github.io/assets/Harun-Yahya-Kitaplar/KK/doc/kehfSuresindenGunumuzeIsaretler-1b-tr.doc target=_blank>DOC</a>
180,Kıyamet Alametleri,<a href=https://hykulliyat.github.io/viewer/web/viewer.html?file=https://hykulliyat.github.io/assets/Harun-Yahya-Kitaplar/KK/pdf/kehfSuresindenGunumuzeIsaretler-1b-tr.pdf target=_blank>PDF</a>,<a href=https://hykulliyat.github.io/viewer/ePubViewer/#https://hykulliyat.github.io/assets/Harun-Yahya-Kitaplar/KK/epub/kehfSuresindenGunumuzeIsaretler-1b-tr.epub target=_blank>ePub</a>,<a href=https://hykulliyat.github.io/assets/Harun-Yahya-Kitaplar/KK/doc/kehfSuresindenGunumuzeIsaretler-1b-tr.doc target=_blank>DOC</a>
181,Kıyamet Günü,<a href=https://hykulliyat.github.io/viewer/web/viewer.html?file=https://hykulliyat.github.io/assets/Harun-Yahya-Kitaplar/KK/pdf/kiyametGunu-tr-9b.pdf target=_blank>PDF</a>,<a href=https://hykulliyat.github.io/viewer/ePubViewer/#https://hykulliyat.github.io/assets/Harun-Yahya-Kitaplar/KK/epub/kiyametGunu-tr-9b.epub target=_blank>ePub</a>,<a href=https://hykulliyat.github.io/assets/Harun-Yahya-Kitaplar/KK/doc/kiyametGunu-tr-9b.doc target=_blank>DOC</a>
182,Koku ve Tat Mucizesi,<a href=https://hykulliyat.github.io/viewer/web/viewer.html?file=https://hykulliyat.github.io/assets/Harun-Yahya-Kitaplar/KK/pdf/kokuVeTatMucizesi-4b-tr.pdf target=_blank>PDF</a>,<a href=https://hykulliyat.github.io/viewer/ePubViewer/#https://hykulliyat.github.io/assets/Harun-Yahya-Kitaplar/KK/epub/kokuVeTatMucizesi-4b-tr.epub target=_blank>ePub</a>,<a href=https://hykulliyat.github.io/assets/Harun-Yahya-Kitaplar/KK/doc/kokuVeTatMucizesi-4b-tr.doc target=_blank>DOC</a>
183,Kolaylık Dini İslam,<a href=https://hykulliyat.github.io/viewer/web/viewer.html?file=https://hykulliyat.github.io/assets/Harun-Yahya-Kitaplar/KK/pdf/kolaylikDiniIslam-10b-tr.pdf target=_blank>PDF</a>,<a href=https://hykulliyat.github.io/viewer/ePubViewer/#https://hykulliyat.github.io/assets/Harun-Yahya-Kitaplar/KK/epub/kolaylikDiniIslam-10b-tr.epub target=_blank>ePub</a>,<a href=https://hykulliyat.github.io/assets/Harun-Yahya-Kitaplar/KK/doc/kolaylikDiniIslam-10b-tr.doc target=_blank>DOC</a>
184,Komünist Çin'in Zulüm Politikası ve Doğu Türkistan,<a href=https://hykulliyat.github.io/viewer/web/viewer.html?file=https://hykulliyat.github.io/assets/Harun-Yahya-Kitaplar/KK/pdf/komunistCininZulumPolitikasiDoguTurkistan-4b-tr.pdf target=_blank>PDF</a>,<a href=https://hykulliyat.github.io/viewer/ePubViewer/#https://hykulliyat.github.io/assets/Harun-Yahya-Kitaplar/KK/epub/komunistCininZulumPolitikasiDoguTurkistan-4b-tr.epub target=_blank>ePub</a>,<a href=https://hykulliyat.github.io/assets/Harun-Yahya-Kitaplar/KK/doc/komunistCininZulumPolitikasiDoguTurkistan-4b-tr.doc target=_blank>DOC</a>
185,Komünist Terörist Dinsiz Örgüt PKK,<a href=https://hykulliyat.github.io/viewer/web/viewer.html?file=https://hykulliyat.github.io/assets/Harun-Yahya-Kitaplar/KK/pdf/komunistTeroristDinsizOrgutPKK-tr-1b.pdf target=_blank>PDF</a>,<a href=https://hykulliyat.github.io/viewer/ePubViewer/#https://hykulliyat.github.io/assets/Harun-Yahya-Kitaplar/KK/epub/komunistTeroristDinsizOrgutPKK-tr-1b.epub target=_blank>ePub</a>,<a href=https://hykulliyat.github.io/assets/Harun-Yahya-Kitaplar/KK/doc/komunistTeroristDinsizOrgutPKK-tr-1b.doc target=_blank>DOC</a>
186,Komünizm Pusuda,<a href=https://hykulliyat.github.io/viewer/web/viewer.html?file=https://hykulliyat.github.io/assets/Harun-Yahya-Kitaplar/KK/pdf/komunizmPusuda-4b-tr.pdf target=_blank>PDF</a>,<a href=https://hykulliyat.github.io/viewer/ePubViewer/#https://hykulliyat.github.io/assets/Harun-Yahya-Kitaplar/KK/epub/komunizmPusuda-4b-tr.epub target=_blank>ePub</a>,<a href=https://hykulliyat.github.io/assets/Harun-Yahya-Kitaplar/KK/doc/komunizmPusuda-4b-tr.doc target=_blank>DOC</a>
187,Konuşan Kuşlar Mucizesi,<a href=https://hykulliyat.github.io/viewer/web/viewer.html?file=https://hykulliyat.github.io/assets/Harun-Yahya-Kitaplar/KK/pdf/KonusanKuslarMucizesi-3b.pdf target=_blank>PDF</a>,<a href=https://hykulliyat.github.io/viewer/ePubViewer/#https://hykulliyat.github.io/assets/Harun-Yahya-Kitaplar/KK/epub/KonusanKuslarMucizesi-3b.epub target=_blank>ePub</a>,<a href=https://hykulliyat.github.io/assets/Harun-Yahya-Kitaplar/KK/doc/KonusanKuslarMucizesi-3b.doc target=_blank>DOC</a>
188,Kötülüğün Sessiz Dili,<a href=https://hykulliyat.github.io/viewer/web/viewer.html?file=https://hykulliyat.github.io/assets/Harun-Yahya-Kitaplar/KK/pdf/kotulugundili3bsk.pdf target=_blank>PDF</a>,<a href=https://hykulliyat.github.io/viewer/ePubViewer/#https://hykulliyat.github.io/assets/Harun-Yahya-Kitaplar/KK/epub/kotulugundili3bsk.epub target=_blank>ePub</a>,<a href=https://hykulliyat.github.io/assets/Harun-Yahya-Kitaplar/KK/doc/kotulugundili3bsk.doc target=_blank>DOC</a>
189,Kuledeki Küçük Adam,<a href=https://hykulliyat.github.io/viewer/web/viewer.html?file=https://hykulliyat.github.io/assets/Harun-Yahya-Kitaplar/KK/pdf/kuledekiKucukAdam-4b-tr.pdf target=_blank>PDF</a>,<a href=https://hykulliyat.github.io/viewer/ePubViewer/#https://hykulliyat.github.io/assets/Harun-Yahya-Kitaplar/KK/epub/kuledekiKucukAdam-4b-tr.epub target=_blank>ePub</a>,<a href=https://hykulliyat.github.io/assets/Harun-Yahya-Kitaplar/KK/doc/kuledekiKucukAdam-4b-tr.doc target=_blank>DOC</a>
190,Kuran Ahlakı,<a href=https://hykulliyat.github.io/viewer/web/viewer.html?file=https://hykulliyat.github.io/assets/Harun-Yahya-Kitaplar/KK/pdf/kuranAhlaki-tr-13b.pdf target=_blank>PDF</a>,<a href=https://hykulliyat.github.io/viewer/ePubViewer/#https://hykulliyat.github.io/assets/Harun-Yahya-Kitaplar/KK/epub/kuranAhlaki-tr-13b.epub target=_blank>ePub</a>,<a href=https://hykulliyat.github.io/assets/Harun-Yahya-Kitaplar/KK/doc/kuranAhlaki-tr-13b.doc target=_blank>DOC</a>
191,Kuran Ahlakında Fedakarlığın Önemi,<a href=https://hykulliyat.github.io/viewer/web/viewer.html?file=https://hykulliyat.github.io/assets/Harun-Yahya-Kitaplar/KK/pdf/KuranAhlakindaFedakarliginOnemi-4b-tr.pdf target=_blank>PDF</a>,<a href=https://hykulliyat.github.io/viewer/ePubViewer/#https://hykulliyat.github.io/assets/Harun-Yahya-Kitaplar/KK/epub/KuranAhlakindaFedakarliginOnemi-4b-tr.epub target=_blank>ePub</a>,<a href=https://hykulliyat.github.io/assets/Harun-Yahya-Kitaplar/KK/doc/KuranAhlakindaFedakarliginOnemi-4b-tr.doc target=_blank>DOC</a>
192,Kuran Bilgisi,<a href=https://hykulliyat.github.io/viewer/web/viewer.html?file=https://hykulliyat.github.io/assets/Harun-Yahya-Kitaplar/KK/pdf/KuranBilgisi-9b.pdf target=_blank>PDF</a>,<a href=https://hykulliyat.github.io/viewer/ePubViewer/#https://hykulliyat.github.io/assets/Harun-Yahya-Kitaplar/KK/epub/KuranBilgisi-9b.epub target=_blank>ePub</a>,<a href=https://hykulliyat.github.io/assets/Harun-Yahya-Kitaplar/KK/doc/KuranBilgisi-9b.doc target=_blank>DOC</a>
193,Kuran Bilime Yol Gösterir,<a href=https://hykulliyat.github.io/viewer/web/viewer.html?file=https://hykulliyat.github.io/assets/Harun-Yahya-Kitaplar/KK/pdf/KuranBilimeYolGosterir-5b-T.pdf target=_blank>PDF</a>,<a href=https://hykulliyat.github.io/viewer/ePubViewer/#https://hykulliyat.github.io/assets/Harun-Yahya-Kitaplar/KK/epub/KuranBilimeYolGosterir-5b-T.epub target=_blank>ePub</a>,<a href=https://hykulliyat.github.io/assets/Harun-Yahya-Kitaplar/KK/doc/KuranBilimeYolGosterir-5b-T.doc target=_blank>DOC</a>
194,Kuran Darwinizmi Yalanlıyor,<a href=https://hykulliyat.github.io/viewer/web/viewer.html?file=https://hykulliyat.github.io/assets/Harun-Yahya-Kitaplar/KK/pdf/KuranDarwinizmiYalanliyor-7b-tr.pdf target=_blank>PDF</a>,<a href=https://hykulliyat.github.io/viewer/ePubViewer/#https://hykulliyat.github.io/assets/Harun-Yahya-Kitaplar/KK/epub/KuranDarwinizmiYalanliyor-7b-tr.epub target=_blank>ePub</a>,<a href=https://hykulliyat.github.io/assets/Harun-Yahya-Kitaplar/KK/doc/KuranDarwinizmiYalanliyor-7b-tr.doc target=_blank>DOC</a>
195,Kuran Fihristi,<a href=https://hykulliyat.github.io/viewer/web/viewer.html?file=https://hykulliyat.github.io/assets/Harun-Yahya-Kitaplar/KK/pdf/Kuran-Fihristi-9b.pdf target=_blank>PDF</a>,<a href=https://hykulliyat.github.io/viewer/ePubViewer/#https://hykulliyat.github.io/assets/Harun-Yahya-Kitaplar/KK/epub/Kuran-Fihristi-9b.epub target=_blank>ePub</a>,<a href=https://hykulliyat.github.io/assets/Harun-Yahya-Kitaplar/KK/doc/Kuran-Fihristi-9b.doc target=_blank>DOC</a>
196,Kuran ile Hayat Nasıl Yaşanır,<a href=https://hykulliyat.github.io/viewer/web/viewer.html?file=https://hykulliyat.github.io/assets/Harun-Yahya-Kitaplar/KK/pdf/KuranileHayatNasilYasanir-1b-tr.pdf target=_blank>PDF</a>,<a href=https://hykulliyat.github.io/viewer/ePubViewer/#https://hykulliyat.github.io/assets/Harun-Yahya-Kitaplar/KK/epub/KuranileHayatNasilYasanir-1b-tr.epub target=_blank>ePub</a>,<a href=https://hykulliyat.github.io/assets/Harun-Yahya-Kitaplar/KK/doc/KuranileHayatNasilYasanir-1b-tr.doc target=_blank>DOC</a>
197,Kuran Mucizeleri-1,<a href=https://hykulliyat.github.io/viewer/web/viewer.html?file=https://hykulliyat.github.io/assets/Harun-Yahya-Kitaplar/KK/pdf/KuranMucizeleri1-tr-11b.pdf target=_blank>PDF</a>,<a href=https://hykulliyat.github.io/viewer/ePubViewer/#https://hykulliyat.github.io/assets/Harun-Yahya-Kitaplar/KK/epub/KuranMucizeleri1-tr-11b.epub target=_blank>ePub</a>,<a href=https://hykulliyat.github.io/assets/Harun-Yahya-Kitaplar/KK/doc/KuranMucizeleri1-tr-11b.doc target=_blank>DOC</a>
198,Kuran Mucizeleri-2,<a href=https://hykulliyat.github.io/viewer/web/viewer.html?file=https://hykulliyat.github.io/assets/Harun-Yahya-Kitaplar/KK/pdf/KuranMucizeleri2-tr-11b.pdf target=_blank>PDF</a>,<a href=https://hykulliyat.github.io/viewer/ePubViewer/#https://hykulliyat.github.io/assets/Harun-Yahya-Kitaplar/KK/epub/KuranMucizeleri2-tr-11b.epub target=_blank>ePub</a>,<a href=https://hykulliyat.github.io/assets/Harun-Yahya-Kitaplar/KK/doc/KuranMucizeleri2-tr-11b.doc target=_blank>DOC</a>
199,Kuran Mucizeleri-3,<a href=https://hykulliyat.github.io/viewer/web/viewer.html?file=https://hykulliyat.github.io/assets/Harun-Yahya-Kitaplar/KK/pdf/KuranMucizeleri3-tr-3b.pdf target=_blank>PDF</a>,<a href=https://hykulliyat.github.io/viewer/ePubViewer/#https://hykulliyat.github.io/assets/Harun-Yahya-Kitaplar/KK/epub/KuranMucizeleri3-tr-3b.epub target=_blank>ePub</a>,<a href=https://hykulliyat.github.io/assets/Harun-Yahya-Kitaplar/KK/doc/KuranMucizeleri3-tr-3b.doc target=_blank>DOC</a>
200,Kuran Tevrat Zebur ve İncil'de Hz. Mehdi (as),<a href=https://hykulliyat.github.io/viewer/web/viewer.html?file=https://hykulliyat.github.io/assets/Harun-Yahya-Kitaplar/KK/pdf/Kuran-Tevrat-Zebur-ve-Incilde-HzMehdi-brosur-1b.pdf target=_blank>PDF</a>,<a href=https://hykulliyat.github.io/viewer/ePubViewer/#https://hykulliyat.github.io/assets/Harun-Yahya-Kitaplar/KK/epub/Kuran-Tevrat-Zebur-ve-Incilde-HzMehdi-brosur-1b.epub target=_blank>ePub</a>,<a href=https://hykulliyat.github.io/assets/Harun-Yahya-Kitaplar/KK/doc/Kuran-Tevrat-Zebur-ve-Incilde-HzMehdi-brosur-1b.doc target=_blank>DOC</a>
201,Kuran'a Göre Gerçek Akıl,<a href=https://hykulliyat.github.io/viewer/web/viewer.html?file=https://hykulliyat.github.io/assets/Harun-Yahya-Kitaplar/KK/pdf/KuranaGoreGercekAkil-8b-tr.pdf target=_blank>PDF</a>,<a href=https://hykulliyat.github.io/viewer/ePubViewer/#https://hykulliyat.github.io/assets/Harun-Yahya-Kitaplar/KK/epub/KuranaGoreGercekAkil-8b-tr.epub target=_blank>ePub</a>,<a href=https://hykulliyat.github.io/assets/Harun-Yahya-Kitaplar/KK/doc/KuranaGoreGercekAkil-8b-tr.doc target=_blank>DOC</a>
202,Kuran’da Adalet ve Hoşgörü,<a href=https://hykulliyat.github.io/viewer/web/viewer.html?file=https://hykulliyat.github.io/assets/Harun-Yahya-Kitaplar/KK/pdf/Kuranda-Adalet-Ve-Hosgoru---8.-Baski.pdf target=_blank>PDF</a>,<a href=https://hykulliyat.github.io/viewer/ePubViewer/#https://hykulliyat.github.io/assets/Harun-Yahya-Kitaplar/KK/epub/Kuranda-Adalet-Ve-Hosgoru---8.-Baski.epub target=_blank>ePub</a>,<a href=https://hykulliyat.github.io/assets/Harun-Yahya-Kitaplar/KK/doc/Kuranda-Adalet-Ve-Hosgoru---8.-Baski.doc target=_blank>DOC</a>
203,Kuran'da Dua,<a href=https://hykulliyat.github.io/viewer/web/viewer.html?file=https://hykulliyat.github.io/assets/Harun-Yahya-Kitaplar/KK/pdf/kurandaDua-tr-12b.pdf target=_blank>PDF</a>,<a href=https://hykulliyat.github.io/viewer/ePubViewer/#https://hykulliyat.github.io/assets/Harun-Yahya-Kitaplar/KK/epub/kurandaDua-tr-12b.epub target=_blank>ePub</a>,<a href=https://hykulliyat.github.io/assets/Harun-Yahya-Kitaplar/KK/doc/kurandaDua-tr-12b.doc target=_blank>DOC</a>
204,Kuran'da İhlas,<a href=https://hykulliyat.github.io/viewer/web/viewer.html?file=https://hykulliyat.github.io/assets/Harun-Yahya-Kitaplar/KK/pdf/Kuran-da-Ihlas-7b.pdf target=_blank>PDF</a>,<a href=https://hykulliyat.github.io/viewer/ePubViewer/#https://hykulliyat.github.io/assets/Harun-Yahya-Kitaplar/KK/epub/Kuran-da-Ihlas-7b.epub target=_blank>ePub</a>,<a href=https://hykulliyat.github.io/assets/Harun-Yahya-Kitaplar/KK/doc/Kuran-da-Ihlas-7b.doc target=_blank>DOC</a>
205,Kuran'da Münafık Karakteri,<a href=https://hykulliyat.github.io/viewer/web/viewer.html?file=https://hykulliyat.github.io/assets/Harun-Yahya-Kitaplar/KK/pdf/kurandaMunafikKarakteri-tr-7b-Y.pdf target=_blank>PDF</a>,<a href=https://hykulliyat.github.io/viewer/ePubViewer/#https://hykulliyat.github.io/assets/Harun-Yahya-Kitaplar/KK/epub/kurandaMunafikKarakteri-tr-7b-Y.epub target=_blank>ePub</a>,<a href=https://hykulliyat.github.io/assets/Harun-Yahya-Kitaplar/KK/doc/kurandaMunafikKarakteri-tr-7b-Y.doc target=_blank>DOC</a>
206,Kuran'da Sabrın Önemi,<a href=https://hykulliyat.github.io/viewer/web/viewer.html?file=https://hykulliyat.github.io/assets/Harun-Yahya-Kitaplar/KK/pdf/KurandaSabrinOnemi-10b-tr.pdf target=_blank>PDF</a>,<a href=https://hykulliyat.github.io/viewer/ePubViewer/#https://hykulliyat.github.io/assets/Harun-Yahya-Kitaplar/KK/epub/KurandaSabrinOnemi-10b-tr.epub target=_blank>ePub</a>,<a href=https://hykulliyat.github.io/assets/Harun-Yahya-Kitaplar/KK/doc/KurandaSabrinOnemi-10b-tr.doc target=_blank>DOC</a>
207,Kuran'da Sadakat,<a href=https://hykulliyat.github.io/viewer/web/viewer.html?file=https://hykulliyat.github.io/assets/Harun-Yahya-Kitaplar/KK/pdf/kurandaSadakat-tr-7b.pdf target=_blank>PDF</a>,<a href=https://hykulliyat.github.io/viewer/ePubViewer/#https://hykulliyat.github.io/assets/Harun-Yahya-Kitaplar/KK/epub/kurandaSadakat-tr-7b.epub target=_blank>ePub</a>,<a href=https://hykulliyat.github.io/assets/Harun-Yahya-Kitaplar/KK/doc/kurandaSadakat-tr-7b.doc target=_blank>DOC</a>
208,Kuran'da Şefkat ve Adalet,<a href=https://hykulliyat.github.io/viewer/web/viewer.html?file=https://hykulliyat.github.io/assets/Harun-Yahya-Kitaplar/KK/pdf/Kuran'daSefkatVeAdalet_9b.pdf target=_blank>PDF</a>,<a href=https://hykulliyat.github.io/viewer/ePubViewer/#https://hykulliyat.github.io/assets/Harun-Yahya-Kitaplar/KK/epub/Kuran'daSefkatVeAdalet_9b.epub target=_blank>ePub</a>,<a href=https://hykulliyat.github.io/assets/Harun-Yahya-Kitaplar/KK/doc/Kuran'daSefkatVeAdalet_9b.doc target=_blank>DOC</a>
209,Kuran'da Şevk ve Heyecan,<a href=https://hykulliyat.github.io/viewer/web/viewer.html?file=https://hykulliyat.github.io/assets/Harun-Yahya-Kitaplar/KK/pdf/kurandaSevkveHeyecan-9b-tr.pdf target=_blank>PDF</a>,<a href=https://hykulliyat.github.io/viewer/ePubViewer/#https://hykulliyat.github.io/assets/Harun-Yahya-Kitaplar/KK/epub/kurandaSevkveHeyecan-9b-tr.epub target=_blank>ePub</a>,<a href=https://hykulliyat.github.io/assets/Harun-Yahya-Kitaplar/KK/doc/kurandaSevkveHeyecan-9b-tr.doc target=_blank>DOC</a>
210,Kuran'da Tebliğ ve Tartışma,<a href=https://hykulliyat.github.io/viewer/web/viewer.html?file=https://hykulliyat.github.io/assets/Harun-Yahya-Kitaplar/KK/pdf/KurandaTebligveTartisma-8b-tr.pdf target=_blank>PDF</a>,<a href=https://hykulliyat.github.io/viewer/ePubViewer/#https://hykulliyat.github.io/assets/Harun-Yahya-Kitaplar/KK/epub/KurandaTebligveTartisma-8b-tr.epub target=_blank>ePub</a>,<a href=https://hykulliyat.github.io/assets/Harun-Yahya-Kitaplar/KK/doc/KurandaTebligveTartisma-8b-tr.doc target=_blank>DOC</a>
211,Kuran'da Temel Kavramlar,<a href=https://hykulliyat.github.io/viewer/web/viewer.html?file=https://hykulliyat.github.io/assets/Harun-Yahya-Kitaplar/KK/pdf/Kuranda-Temel-Kavramlar-7b.pdf target=_blank>PDF</a>,<a href=https://hykulliyat.github.io/viewer/ePubViewer/#https://hykulliyat.github.io/assets/Harun-Yahya-Kitaplar/KK/epub/Kuranda-Temel-Kavramlar-7b.epub target=_blank>ePub</a>,<a href=https://hykulliyat.github.io/assets/Harun-Yahya-Kitaplar/KK/doc/Kuranda-Temel-Kavramlar-7b.doc target=_blank>DOC</a>
212,Kuran'da Ümitvar Olmak,<a href=https://hykulliyat.github.io/viewer/web/viewer.html?file=https://hykulliyat.github.io/assets/Harun-Yahya-Kitaplar/KK/pdf/KurandaUmitvarOlmak-7b-tr.pdf target=_blank>PDF</a>,<a href=https://hykulliyat.github.io/viewer/ePubViewer/#https://hykulliyat.github.io/assets/Harun-Yahya-Kitaplar/KK/epub/KurandaUmitvarOlmak-7b-tr.epub target=_blank>ePub</a>,<a href=https://hykulliyat.github.io/assets/Harun-Yahya-Kitaplar/KK/doc/KurandaUmitvarOlmak-7b-tr.doc target=_blank>DOC</a>
213,Kuran'da Vicdanın Önemi,<a href=https://hykulliyat.github.io/viewer/web/viewer.html?file=https://hykulliyat.github.io/assets/Harun-Yahya-Kitaplar/KK/pdf/KurandaVicdaninOnemi-9b-tr.pdf target=_blank>PDF</a>,<a href=https://hykulliyat.github.io/viewer/ePubViewer/#https://hykulliyat.github.io/assets/Harun-Yahya-Kitaplar/KK/epub/KurandaVicdaninOnemi-9b-tr.epub target=_blank>ePub</a>,<a href=https://hykulliyat.github.io/assets/Harun-Yahya-Kitaplar/KK/doc/KurandaVicdaninOnemi-9b-tr.doc target=_blank>DOC</a>
214,Kuran'da Yalancının Yöntemleri,<a href=https://hykulliyat.github.io/viewer/web/viewer.html?file=https://hykulliyat.github.io/assets/Harun-Yahya-Kitaplar/KK/pdf/kurandaYalancininYontemleri-6b-tr.pdf target=_blank>PDF</a>,<a href=https://hykulliyat.github.io/viewer/ePubViewer/#https://hykulliyat.github.io/assets/Harun-Yahya-Kitaplar/KK/epub/kurandaYalancininYontemleri-6b-tr.epub target=_blank>ePub</a>,<a href=https://hykulliyat.github.io/assets/Harun-Yahya-Kitaplar/KK/doc/kurandaYalancininYontemleri-6b-tr.doc target=_blank>DOC</a>
215,Kuran'dan Cevaplar,<a href=https://hykulliyat.github.io/viewer/web/viewer.html?file=https://hykulliyat.github.io/assets/Harun-Yahya-Kitaplar/KK/pdf/KurandanCevaplar-8b.pdf target=_blank>PDF</a>,<a href=https://hykulliyat.github.io/viewer/ePubViewer/#https://hykulliyat.github.io/assets/Harun-Yahya-Kitaplar/KK/epub/KurandanCevaplar-8b.epub target=_blank>ePub</a>,<a href=https://hykulliyat.github.io/assets/Harun-Yahya-Kitaplar/KK/doc/KurandanCevaplar-8b.doc target=_blank>DOC</a>
216,Kuran'dan Genel Bilgiler,<a href=https://hykulliyat.github.io/viewer/web/viewer.html?file=https://hykulliyat.github.io/assets/Harun-Yahya-Kitaplar/KK/pdf/KurandanGenelBilgiler-2b-tr.pdf target=_blank>PDF</a>,<a href=https://hykulliyat.github.io/viewer/ePubViewer/#https://hykulliyat.github.io/assets/Harun-Yahya-Kitaplar/KK/epub/KurandanGenelBilgiler-2b-tr.epub target=_blank>ePub</a>,<a href=https://hykulliyat.github.io/assets/Harun-Yahya-Kitaplar/KK/doc/KurandanGenelBilgiler-2b-tr.doc target=_blank>DOC</a>
217,Kuran'dan İşaretler,<a href=https://hykulliyat.github.io/viewer/web/viewer.html?file=https://hykulliyat.github.io/assets/Harun-Yahya-Kitaplar/KK/pdf/KurandanIsaretler-3b-tr.pdf target=_blank>PDF</a>,<a href=https://hykulliyat.github.io/viewer/ePubViewer/#https://hykulliyat.github.io/assets/Harun-Yahya-Kitaplar/KK/epub/KurandanIsaretler-3b-tr.epub target=_blank>ePub</a>,<a href=https://hykulliyat.github.io/assets/Harun-Yahya-Kitaplar/KK/doc/KurandanIsaretler-3b-tr.doc target=_blank>DOC</a>
218,Kuran'ı Dinlemeyenler,<a href=https://hykulliyat.github.io/viewer/web/viewer.html?file=https://hykulliyat.github.io/assets/Harun-Yahya-Kitaplar/KK/pdf/Kuranidinlemeyenler-8b-tr.pdf target=_blank>PDF</a>,<a href=https://hykulliyat.github.io/viewer/ePubViewer/#https://hykulliyat.github.io/assets/Harun-Yahya-Kitaplar/KK/epub/Kuranidinlemeyenler-8b-tr.epub target=_blank>ePub</a>,<a href=https://hykulliyat.github.io/assets/Harun-Yahya-Kitaplar/KK/doc/Kuranidinlemeyenler-8b-tr.doc target=_blank>DOC</a>
219,Kuran'ı Rehber Edinmek,<a href=https://hykulliyat.github.io/viewer/web/viewer.html?file=https://hykulliyat.github.io/assets/Harun-Yahya-Kitaplar/KK/pdf/kuraniRehberEdinmek-tr-9b.pdf target=_blank>PDF</a>,<a href=https://hykulliyat.github.io/viewer/ePubViewer/#https://hykulliyat.github.io/assets/Harun-Yahya-Kitaplar/KK/epub/kuraniRehberEdinmek-tr-9b.epub target=_blank>ePub</a>,<a href=https://hykulliyat.github.io/assets/Harun-Yahya-Kitaplar/KK/doc/kuraniRehberEdinmek-tr-9b.doc target=_blank>DOC</a>
220,Kuran'ın Bazı Sırları,<a href=https://hykulliyat.github.io/viewer/web/viewer.html?file=https://hykulliyat.github.io/assets/Harun-Yahya-Kitaplar/KK/pdf/Kuranin-bazi-sirlari-9b.pdf target=_blank>PDF</a>,<a href=https://hykulliyat.github.io/viewer/ePubViewer/#https://hykulliyat.github.io/assets/Harun-Yahya-Kitaplar/KK/epub/Kuranin-bazi-sirlari-9b.epub target=_blank>ePub</a>,<a href=https://hykulliyat.github.io/assets/Harun-Yahya-Kitaplar/KK/doc/Kuranin-bazi-sirlari-9b.doc target=_blank>DOC</a>
221,Kuran'ın Hayata Sunduğu Güzellikler,<a href=https://hykulliyat.github.io/viewer/web/viewer.html?file=https://hykulliyat.github.io/assets/Harun-Yahya-Kitaplar/KK/pdf/KuraninHayataSunduguGuzellikler-7b-tr.pdf target=_blank>PDF</a>,<a href=https://hykulliyat.github.io/viewer/ePubViewer/#https://hykulliyat.github.io/assets/Harun-Yahya-Kitaplar/KK/epub/KuraninHayataSunduguGuzellikler-7b-tr.epub target=_blank>ePub</a>,<a href=https://hykulliyat.github.io/assets/Harun-Yahya-Kitaplar/KK/doc/KuraninHayataSunduguGuzellikler-7b-tr.doc target=_blank>DOC</a>
222,Kuran'ın Işığı Satanizmi Yok Etti,<a href=https://hykulliyat.github.io/viewer/web/viewer.html?file=https://hykulliyat.github.io/assets/Harun-Yahya-Kitaplar/KK/pdf/satanizm3-b.pdf target=_blank>PDF</a>,<a href=https://hykulliyat.github.io/viewer/ePubViewer/#https://hykulliyat.github.io/assets/Harun-Yahya-Kitaplar/KK/epub/satanizm3-b.epub target=_blank>ePub</a>,<a href=https://hykulliyat.github.io/assets/Harun-Yahya-Kitaplar/KK/doc/satanizm3-b.doc target=_blank>DOC</a>
223,Kusursuz Petekler İnşa Eden Balarıları,<a href=https://hykulliyat.github.io/viewer/web/viewer.html?file=https://hykulliyat.github.io/assets/Harun-Yahya-Kitaplar/KK/pdf/balarisicocuk3bsk.pdf target=_blank>PDF</a>,<a href=https://hykulliyat.github.io/viewer/ePubViewer/#https://hykulliyat.github.io/assets/Harun-Yahya-Kitaplar/KK/epub/balarisicocuk3bsk.epub target=_blank>ePub</a>,<a href=https://hykulliyat.github.io/assets/Harun-Yahya-Kitaplar/KK/doc/balarisicocuk3bsk.doc target=_blank>DOC</a>
224,Kuşların ve Uçuşun Kökeni,<a href=https://hykulliyat.github.io/viewer/web/viewer.html?file=https://hykulliyat.github.io/assets/Harun-Yahya-Kitaplar/KK/pdf/KuslarinveUcusunKokeni-4b.pdf target=_blank>PDF</a>,<a href=https://hykulliyat.github.io/viewer/ePubViewer/#https://hykulliyat.github.io/assets/Harun-Yahya-Kitaplar/KK/epub/KuslarinveUcusunKokeni-4b.epub target=_blank>ePub</a>,<a href=https://hykulliyat.github.io/assets/Harun-Yahya-Kitaplar/KK/doc/KuslarinveUcusunKokeni-4b.doc target=_blank>DOC</a>
225,Küçük Dostlarımız Karıncaların Dünyası,<a href=https://hykulliyat.github.io/viewer/web/viewer.html?file=https://hykulliyat.github.io/assets/Harun-Yahya-Kitaplar/KK/pdf/kucukDostlarimizKarincalarinDunyasi-4b-tr.pdf target=_blank>PDF</a>,<a href=https://hykulliyat.github.io/viewer/ePubViewer/#https://hykulliyat.github.io/assets/Harun-Yahya-Kitaplar/KK/epub/kucukDostlarimizKarincalarinDunyasi-4b-tr.epub target=_blank>ePub</a>,<a href=https://hykulliyat.github.io/assets/Harun-Yahya-Kitaplar/KK/doc/munafiklikla-mucadelenin-onemi.doc target=_blank>DOC</a>
226,Makaleler 2,<a href=https://hykulliyat.github.io/viewer/web/viewer.html?file=https://hykulliyat.github.io/assets/Harun-Yahya-Kitaplar/KK/pdf/Makaleler2.pdf target=_blank>PDF</a>,<a href=https://hykulliyat.github.io/viewer/ePubViewer/#https://hykulliyat.github.io/assets/Harun-Yahya-Kitaplar/KK/epub/Makaleler2.epub target=_blank>ePub</a>,<a href=https://hykulliyat.github.io/assets/Harun-Yahya-Kitaplar/KK/doc/Makaleler2.doc target=_blank>DOC</a>
227,Materyalizmin Çöküşü,<a href=https://hykulliyat.github.io/viewer/web/viewer.html?file=https://hykulliyat.github.io/assets/Harun-Yahya-Kitaplar/MM/pdf/MateryalizminCokusu.pdf target=_blank>PDF</a>,<a href=https://hykulliyat.github.io/viewer/ePubViewer/#https://hykulliyat.github.io/assets/Harun-Yahya-Kitaplar/MM/epub/MateryalizminCokusu.epub target=_blank>ePub</a>,<a href=https://hykulliyat.github.io/assets/Harun-Yahya-Kitaplar/MM/doc/MateryalizminCokusu.doc target=_blank>DOC</a>
228,Materyalizmin Sonu,<a href=https://hykulliyat.github.io/viewer/web/viewer.html?file=https://hykulliyat.github.io/assets/Harun-Yahya-Kitaplar/MM/pdf/MateryalizminSonu.pdf target=_blank>PDF</a>,<a href=https://hykulliyat.github.io/viewer/ePubViewer/#https://hykulliyat.github.io/assets/Harun-Yahya-Kitaplar/MM/epub/MateryalizminSonu.epub target=_blank>ePub</a>,<a href=https://hykulliyat.github.io/assets/Harun-Yahya-Kitaplar/MM/doc/MateryalizminSonu.doc target=_blank>DOC</a>
229,Mesih Müjdesi,<a href=https://hykulliyat.github.io/viewer/web/viewer.html?file=https://hykulliyat.github.io/assets/Harun-Yahya-Kitaplar/MM/pdf/mesih-mujdesi-2b.pdf target=_blank>PDF</a>,<a href=https://hykulliyat.github.io/viewer/ePubViewer/#https://hykulliyat.github.io/assets/Harun-Yahya-Kitaplar/MM/epub/mesih-mujdesi-2b.epub target=_blank>ePub</a>,<a href=https://hykulliyat.github.io/assets/Harun-Yahya-Kitaplar/MM/doc/mesih-mujdesi-2b.doc target=_blank>DOC</a>
230,Mikro Dünya Mucizesi,<a href=https://hykulliyat.github.io/viewer/web/viewer.html?file=https://hykulliyat.github.io/assets/Harun-Yahya-Kitaplar/MM/pdf/Mikrodunya-Mucizesi-3b.pdf target=_blank>PDF</a>,<a href=https://hykulliyat.github.io/viewer/ePubViewer/#https://hykulliyat.github.io/assets/Harun-Yahya-Kitaplar/MM/epub/Mikrodunya-Mucizesi-3b.epub target=_blank>ePub</a>,<a href=https://hykulliyat.github.io/assets/Harun-Yahya-Kitaplar/MM/doc/Mikrodunya-Mucizesi-3b.doc target=_blank>DOC</a>
231,Milli Birliğin Önemi,<a href=https://hykulliyat.github.io/viewer/web/viewer.html?file=https://hykulliyat.github.io/assets/Harun-Yahya-Kitaplar/MM/pdf/millibirliginonemi.pdf target=_blank>PDF</a>,<a href=https://hykulliyat.github.io/viewer/ePubViewer/#https://hykulliyat.github.io/assets/Harun-Yahya-Kitaplar/MM/epub/millibirliginonemi.epub target=_blank>ePub</a>,<a href=https://hykulliyat.github.io/assets/Harun-Yahya-Kitaplar/MM/doc/millibirliginonemi.doc target=_blank>DOC</a>
232,Molekül Mucizesi,<a href=https://hykulliyat.github.io/viewer/web/viewer.html?file=https://hykulliyat.github.io/assets/Harun-Yahya-Kitaplar/MM/pdf/molekulmucizesi-3b.pdf target=_blank>PDF</a>,<a href=https://hykulliyat.github.io/viewer/ePubViewer/#https://hykulliyat.github.io/assets/Harun-Yahya-Kitaplar/MM/epub/molekulmucizesi-3b.epub target=_blank>ePub</a>,<a href=https://hykulliyat.github.io/assets/Harun-Yahya-Kitaplar/MM/doc/molekulmucizesi-3b.doc target=_blank>DOC</a>
233,Mucizeler Zinciri,<a href=https://hykulliyat.github.io/viewer/web/viewer.html?file=https://hykulliyat.github.io/assets/Harun-Yahya-Kitaplar/MM/pdf/mucizelerZinciri-5b-tr.pdf target=_blank>PDF</a>,<a href=https://hykulliyat.github.io/viewer/ePubViewer/#https://hykulliyat.github.io/assets/Harun-Yahya-Kitaplar/MM/epub/mucizelerZinciri-5b-tr.epub target=_blank>ePub</a>,<a href=https://hykulliyat.github.io/assets/Harun-Yahya-Kitaplar/MM/doc/mucizelerZinciri-5b-tr.doc target=_blank>DOC</a>
234,Mültecilere Yardım,<a href=https://hykulliyat.github.io/viewer/web/viewer.html?file=https://hykulliyat.github.io/assets/Harun-Yahya-Kitaplar/MM/pdf/multecilereYardim-1b-tr.pdf target=_blank>PDF</a>,<a href=https://hykulliyat.github.io/viewer/ePubViewer/#https://hykulliyat.github.io/assets/Harun-Yahya-Kitaplar/MM/epub/multecilereYardim-1b-tr.epub target=_blank>ePub</a>,<a href=https://hykulliyat.github.io/assets/Harun-Yahya-Kitaplar/MM/doc/multecilereYardim-1b-tr.doc target=_blank>DOC</a>
235,Müminin 24 Saati,<a href=https://hykulliyat.github.io/viewer/web/viewer.html?file=https://hykulliyat.github.io/assets/Harun-Yahya-Kitaplar/MM/pdf/KuranAhlakinaGoreMuminin24Saati-5b-tr.pdf target=_blank>PDF</a>,<a href=https://hykulliyat.github.io/viewer/ePubViewer/#https://hykulliyat.github.io/assets/Harun-Yahya-Kitaplar/MM/epub/KuranAhlakinaGoreMuminin24Saati-5b-tr.epub target=_blank>ePub</a>,<a href=https://hykulliyat.github.io/assets/Harun-Yahya-Kitaplar/MM/doc/KuranAhlakinaGoreMuminin24Saati-5b-tr.doc target=_blank>DOC</a>
236,Müminlerin Asıl Yurdu Cennet,<a href=https://hykulliyat.github.io/viewer/web/viewer.html?file=https://hykulliyat.github.io/assets/Harun-Yahya-Kitaplar/MM/pdf/muminlerinAsilYurduCennet-tr-14b.pdf target=_blank>PDF</a>,<a href=https://hykulliyat.github.io/viewer/ePubViewer/#https://hykulliyat.github.io/assets/Harun-Yahya-Kitaplar/MM/epub/muminlerinAsilYurduCennet-tr-14b.epub target=_blank>ePub</a>,<a href=https://hykulliyat.github.io/assets/Harun-Yahya-Kitaplar/MM/doc/muminlerinAsilYurduCennet-tr-14b.doc target=_blank>DOC</a>
237,Müminlerin Cesareti,<a href=https://hykulliyat.github.io/viewer/web/viewer.html?file=https://hykulliyat.github.io/assets/Harun-Yahya-Kitaplar/MM/pdf/muminlerin-cesareti-8b-tr.pdf target=_blank>PDF</a>,<a href=https://hykulliyat.github.io/viewer/ePubViewer/#https://hykulliyat.github.io/assets/Harun-Yahya-Kitaplar/MM/epub/muminlerin-cesareti-8b-tr.epub target=_blank>ePub</a>,<a href=https://hykulliyat.github.io/assets/Harun-Yahya-Kitaplar/MM/doc/muminlerin-cesareti-8b-tr.doc target=_blank>DOC</a>
238,Müminlerin Merhameti,<a href=https://hykulliyat.github.io/viewer/web/viewer.html?file=https://hykulliyat.github.io/assets/Harun-Yahya-Kitaplar/MM/pdf/muminlerinMerhameti-10b-tr.pdf target=_blank>PDF</a>,<a href=https://hykulliyat.github.io/viewer/ePubViewer/#https://hykulliyat.github.io/assets/Harun-Yahya-Kitaplar/MM/epub/muminlerinMerhameti-10b-tr.epub target=_blank>ePub</a>,<a href=https://hykulliyat.github.io/assets/Harun-Yahya-Kitaplar/MM/doc/muminlerinMerhameti-10b-tr.doc target=_blank>DOC</a>
239,Müminlerin Mutluluğu,<a href=https://hykulliyat.github.io/viewer/web/viewer.html?file=https://hykulliyat.github.io/assets/Harun-Yahya-Kitaplar/MM/pdf/muminlerinMutlulugu-5b-tr.pdf target=_blank>PDF</a>,<a href=https://hykulliyat.github.io/viewer/ePubViewer/#https://hykulliyat.github.io/assets/Harun-Yahya-Kitaplar/MM/epub/muminlerinMutlulugu-5b-tr.epub target=_blank>ePub</a>,<a href=https://hykulliyat.github.io/assets/Harun-Yahya-Kitaplar/MM/doc/muminlerinMutlulugu-5b-tr.doc target=_blank>DOC</a>
240,Münafığın Derin Karanlığı,<a href=https://hykulliyat.github.io/viewer/web/viewer.html?file=https://hykulliyat.github.io/assets/Harun-Yahya-Kitaplar/MM/pdf/munafiginDerinKaranligi-2b-tr.pdf target=_blank>PDF</a>,<a href=https://hykulliyat.github.io/viewer/ePubViewer/#https://hykulliyat.github.io/assets/Harun-Yahya-Kitaplar/MM/epub/munafiginDerinKaranligi-2b-tr.epub target=_blank>ePub</a>,<a href=https://hykulliyat.github.io/assets/Harun-Yahya-Kitaplar/MM/doc/munafiginDerinKaranligi-2b-tr.doc target=_blank>DOC</a>
241,Münafığın Sırları,<a href=https://hykulliyat.github.io/viewer/web/viewer.html?file=https://hykulliyat.github.io/assets/Harun-Yahya-Kitaplar/MM/pdf/munafiginSirlari-5b-tr.pdf target=_blank>PDF</a>,<a href=https://hykulliyat.github.io/viewer/ePubViewer/#https://hykulliyat.github.io/assets/Harun-Yahya-Kitaplar/MM/epub/munafiginSirlari-5b-tr.epub target=_blank>ePub</a>,<a href=https://hykulliyat.github.io/assets/Harun-Yahya-Kitaplar/MM/doc/munafiginSirlari-5b-tr.doc target=_blank>DOC</a>
242,Münafıklıkla Mücadelenin Önemi,<a href=https://hykulliyat.github.io/viewer/web/viewer.html?file=https://hykulliyat.github.io/assets/Harun-Yahya-Kitaplar/MM/pdf/munafiklikla-mucadelenin-onemi.pdf target=_blank>PDF</a>,<a href=https://hykulliyat.github.io/viewer/ePubViewer/#https://hykulliyat.github.io/assets/Harun-Yahya-Kitaplar/MM/epub/munafiklikla-mucadelenin-onemi.epub target=_blank>ePub</a>,<a href=https://hykulliyat.github.io/assets/Harun-Yahya-Kitaplar/MM/doc/munafiklikla-mucadelenin-onemi.doc target=_blank>DOC</a>
243,Müslümanca Konuşmak,<a href=https://hykulliyat.github.io/viewer/web/viewer.html?file=https://hykulliyat.github.io/assets/Harun-Yahya-Kitaplar/MM/pdf/muslumancaKonusmak-7b-tr.pdf target=_blank>PDF</a>,<a href=https://hykulliyat.github.io/viewer/ePubViewer/#https://hykulliyat.github.io/assets/Harun-Yahya-Kitaplar/MM/epub/muslumancaKonusmak-7b-tr.epub target=_blank>ePub</a>,<a href=https://hykulliyat.github.io/assets/Harun-Yahya-Kitaplar/MM/doc/muslumancaKonusmak-7b-tr.doc target=_blank>DOC</a>
244,Nasıl Bir Yemen?,<a href=https://hykulliyat.github.io/viewer/web/viewer.html?file=https://hykulliyat.github.io/assets/Harun-Yahya-Kitaplar/NN/pdf/nasilBirYemen-1b-tr.pdf target=_blank>PDF</a>,<a href=https://hykulliyat.github.io/viewer/ePubViewer/#https://hykulliyat.github.io/assets/Harun-Yahya-Kitaplar/NN/epub/nasilBirYemen-1b-tr.epub target=_blank>ePub</a>,<a href=https://hykulliyat.github.io/assets/Harun-Yahya-Kitaplar/NN/doc/nasilBirYemen-1b-tr.doc target=_blank>DOC</a>
245,Niçin Kendini Kandırıyorsun?,<a href=https://hykulliyat.github.io/viewer/web/viewer.html?file=https://hykulliyat.github.io/assets/Harun-Yahya-Kitaplar/NN/pdf/nicinKendiniKandiriyorsun-tr-11b.pdf target=_blank>PDF</a>,<a href=https://hykulliyat.github.io/viewer/ePubViewer/#https://hykulliyat.github.io/assets/Harun-Yahya-Kitaplar/NN/epub/nicinKendiniKandiriyorsun-tr-11b.epub target=_blank>ePub</a>,<a href=https://hykulliyat.github.io/assets/Harun-Yahya-Kitaplar/NN/doc/nicinKendiniKandiriyorsun-tr-11b.doc target=_blank>DOC</a>
246,Ölüm Kıyamet Cehennem,<a href=https://hykulliyat.github.io/viewer/web/viewer.html?file=https://hykulliyat.github.io/assets/Harun-Yahya-Kitaplar/OO/pdf/olumKiyametCehennem-17b-tr.pdf target=_blank>PDF</a>,<a href=https://hykulliyat.github.io/viewer/ePubViewer/#https://hykulliyat.github.io/assets/Harun-Yahya-Kitaplar/OO/epub/olumKiyametCehennem-17b-tr.epub target=_blank>ePub</a>,<a href=https://hykulliyat.github.io/assets/Harun-Yahya-Kitaplar/OO/doc/olumKiyametCehennem-17b-tr.doc target=_blank>DOC</a>
247,Örnek Müslüman Kadın Hazreti Meryem,<a href=https://hykulliyat.github.io/viewer/web/viewer.html?file=https://hykulliyat.github.io/assets/Harun-Yahya-Kitaplar/OO/pdf/hzMeryem-3b-T.pdf target=_blank>PDF</a>,<a href=https://hykulliyat.github.io/viewer/ePubViewer/#https://hykulliyat.github.io/assets/Harun-Yahya-Kitaplar/OO/epub/hzMeryem-3b-T.epub target=_blank>ePub</a>,<a href=https://hykulliyat.github.io/assets/Harun-Yahya-Kitaplar/OO/doc/hzMeryem-3b-T.doc target=_blank>DOC</a>
248,Örümcekteki Mucize,<a href=https://hykulliyat.github.io/viewer/web/viewer.html?file=https://hykulliyat.github.io/assets/Harun-Yahya-Kitaplar/OO/pdf/orumcektekiMucize-5b-tr.pdf target=_blank>PDF</a>,<a href=https://hykulliyat.github.io/viewer/ePubViewer/#https://hykulliyat.github.io/assets/Harun-Yahya-Kitaplar/OO/epub/orumcektekiMucize-5b-tr.epub target=_blank>ePub</a>,<a href=https://hykulliyat.github.io/assets/Harun-Yahya-Kitaplar/OO/doc/orumcektekiMucize-5b-tr.doc target=_blank>DOC</a>
249,Peygamberimiz (sav)'in Dilinden Hz. Mehdi - kitapçık,<a href=https://hykulliyat.github.io/viewer/web/viewer.html?file=https://hykulliyat.github.io/assets/Harun-Yahya-Kitaplar/PP/pdf/peygamberimizin-dilinden-mehdi.pdf target=_blank>PDF</a>,<a href=https://hykulliyat.github.io/viewer/ePubViewer/#https://hykulliyat.github.io/assets/Harun-Yahya-Kitaplar/PP/epub/peygamberimizin-dilinden-mehdi.epub target=_blank>ePub</a>,<a href=https://hykulliyat.github.io/assets/Harun-Yahya-Kitaplar/PP/doc/peygamberimizin-dilinden-mehdi.doc target=_blank>DOC</a>
250,Peygamberimiz (sav)'in Mucizeleri,<a href=https://hykulliyat.github.io/viewer/web/viewer.html?file=https://hykulliyat.github.io/assets/Harun-Yahya-Kitaplar/PP/pdf/peygamberimizinMucizeleri-8b-tr.pdf target=_blank>PDF</a>,<a href=https://hykulliyat.github.io/viewer/ePubViewer/#https://hykulliyat.github.io/assets/Harun-Yahya-Kitaplar/PP/epub/peygamberimizinMucizeleri-8b-tr.epub target=_blank>ePub</a>,<a href=https://hykulliyat.github.io/assets/Harun-Yahya-Kitaplar/PP/doc/peygamberimizinMucizeleri-8b-tr.doc target=_blank>DOC</a>
251,Pişman Olmadan Önce,<a href=https://hykulliyat.github.io/viewer/web/viewer.html?file=https://hykulliyat.github.io/assets/Harun-Yahya-Kitaplar/PP/pdf/pismanOlmadanOnce-tr-12b.pdf target=_blank>PDF</a>,<a href=https://hykulliyat.github.io/viewer/ePubViewer/#https://hykulliyat.github.io/assets/Harun-Yahya-Kitaplar/PP/epub/pismanOlmadanOnce-tr-12b.epub target=_blank>ePub</a>,<a href=https://hykulliyat.github.io/assets/Harun-Yahya-Kitaplar/PP/doc/pismanOlmadanOnce-tr-12b.doc target=_blank>DOC</a>
252,Protein Mucizesi,<a href=https://hykulliyat.github.io/viewer/web/viewer.html?file=https://hykulliyat.github.io/assets/Harun-Yahya-Kitaplar/PP/pdf/proteinMucizesi-4b-tr.pdf target=_blank>PDF</a>,<a href=https://hykulliyat.github.io/viewer/ePubViewer/#https://hykulliyat.github.io/assets/Harun-Yahya-Kitaplar/PP/epub/proteinMucizesi-4b-tr.epub target=_blank>ePub</a>,<a href=https://hykulliyat.github.io/assets/Harun-Yahya-Kitaplar/PP/doc/proteinMucizesi-4b-tr.doc target=_blank>DOC</a>
253,Rahman ve Rahim Olan Allah'ın Adıyla,<a href=https://hykulliyat.github.io/viewer/web/viewer.html?file=https://hykulliyat.github.io/assets/Harun-Yahya-Kitaplar/RR/pdf/Rahman-ve-Rahim-3b.pdf target=_blank>PDF</a>,<a href=https://hykulliyat.github.io/viewer/ePubViewer/#https://hykulliyat.github.io/assets/Harun-Yahya-Kitaplar/RR/epub/Rahman-ve-Rahim-3b.epub target=_blank>ePub</a>,<a href=https://hykulliyat.github.io/assets/Harun-Yahya-Kitaplar/RR/doc/Rahman-ve-Rahim-3b.doc target=_blank>DOC</a>
254,Resullerimiz Diyor Ki,<a href=https://hykulliyat.github.io/viewer/web/viewer.html?file=https://hykulliyat.github.io/assets/Harun-Yahya-Kitaplar/RR/pdf/resullerimizdiyorki-5b.pdf target=_blank>PDF</a>,<a href=https://hykulliyat.github.io/viewer/ePubViewer/#https://hykulliyat.github.io/assets/Harun-Yahya-Kitaplar/RR/epub/resullerimizdiyorki-5b.epub target=_blank>ePub</a>,<a href=https://hykulliyat.github.io/assets/Harun-Yahya-Kitaplar/RR/doc/resullerimizdiyorki-5b.doc target=_blank>DOC</a>
255,Resullerin Mücadelesi,<a href=https://hykulliyat.github.io/viewer/web/viewer.html?file=https://hykulliyat.github.io/assets/Harun-Yahya-Kitaplar/RR/pdf/resullerinMucadelesi-10b-tr.pdf target=_blank>PDF</a>,<a href=https://hykulliyat.github.io/viewer/ePubViewer/#https://hykulliyat.github.io/assets/Harun-Yahya-Kitaplar/RR/epub/resullerinMucadelesi-10b-tr.epub target=_blank>ePub</a>,<a href=https://hykulliyat.github.io/assets/Harun-Yahya-Kitaplar/RR/doc/resullerinMucadelesi-10b-tr.doc target=_blank>DOC</a>
256,Resulullah'ın (sav) Dilinden Cennet,<a href=https://hykulliyat.github.io/viewer/web/viewer.html?file=https://hykulliyat.github.io/assets/Harun-Yahya-Kitaplar/RR/pdf/resulullahinDilindenCennet-8b-tr.pdf target=_blank>PDF</a>,<a href=https://hykulliyat.github.io/viewer/ePubViewer/#https://hykulliyat.github.io/assets/Harun-Yahya-Kitaplar/RR/epub/resulullahinDilindenCennet-8b-tr.epub target=_blank>ePub</a>,<a href=https://hykulliyat.github.io/assets/Harun-Yahya-Kitaplar/RR/doc/resulullahinDilindenCennet-8b-tr.doc target=_blank>DOC</a>
257,Risale-i Nur'da Batıni Tefsir Tehlikesi - kitapçık,<a href=https://hykulliyat.github.io/viewer/web/viewer.html?file=https://hykulliyat.github.io/assets/Harun-Yahya-Kitaplar/RR/pdf/batinitefsirtehlikesi-1b.pdf target=_blank>PDF</a>,<a href=https://hykulliyat.github.io/viewer/ePubViewer/#https://hykulliyat.github.io/assets/Harun-Yahya-Kitaplar/RR/epub/batinitefsirtehlikesi-1b.epub target=_blank>ePub</a>,<a href=https://hykulliyat.github.io/assets/Harun-Yahya-Kitaplar/RR/doc/batinitefsirtehlikesi-1b.doc target=_blank>DOC</a>
258,Rohingyalar Güzeldir,<a href=https://hykulliyat.github.io/viewer/web/viewer.html?file=https://hykulliyat.github.io/assets/Harun-Yahya-Kitaplar/RR/pdf/rohingyalarGuzeldir-1b-tr.pdf target=_blank>PDF</a>,<a href=https://hykulliyat.github.io/viewer/ePubViewer/#https://hykulliyat.github.io/assets/Harun-Yahya-Kitaplar/RR/epub/rohingyalarGuzeldir-1b-tr.epub target=_blank>ePub</a>,<a href=https://hykulliyat.github.io/assets/Harun-Yahya-Kitaplar/RR/doc/rohingyalarGuzeldir-1b-tr.doc target=_blank>DOC</a>
259,Rumilik Tehlike mi?,<a href=https://hykulliyat.github.io/viewer/web/viewer.html?file=https://hykulliyat.github.io/assets/Harun-Yahya-Kitaplar/RR/pdf/rumilikTehlikeMi-2b-tr.pdf target=_blank>PDF</a>,<a href=https://hykulliyat.github.io/viewer/ePubViewer/#https://hykulliyat.github.io/assets/Harun-Yahya-Kitaplar/RR/epub/rumilikTehlikeMi-2b-tr.epub target=_blank>ePub</a>,<a href=https://hykulliyat.github.io/assets/Harun-Yahya-Kitaplar/RR/doc/rumilikTehlikeMi-2b-tr.doc target=_blank>DOC</a>
260,Sahte Dünyanın Acıları,<a href=https://hykulliyat.github.io/viewer/web/viewer.html?file=https://hykulliyat.github.io/assets/Harun-Yahya-Kitaplar/SS/pdf/sahteDunyaninAcilari-8b-tr.pdf target=_blank>PDF</a>,<a href=https://hykulliyat.github.io/viewer/ePubViewer/#https://hykulliyat.github.io/assets/Harun-Yahya-Kitaplar/SS/epub/sahteDunyaninAcilari-8b-tr.epub target=_blank>ePub</a>,<a href=https://hykulliyat.github.io/assets/Harun-Yahya-Kitaplar/SS/doc/sahteDunyaninAcilari-8b-tr.doc target=_blank>DOC</a>
261,Sakın Anlamazlıktan Gelmeyin,<a href=https://hykulliyat.github.io/viewer/web/viewer.html?file=https://hykulliyat.github.io/assets/Harun-Yahya-Kitaplar/SS/pdf/sakinAnlamazliktanGelmeyin-6b-tr.pdf target=_blank>PDF</a>,<a href=https://hykulliyat.github.io/viewer/ePubViewer/#https://hykulliyat.github.io/assets/Harun-Yahya-Kitaplar/SS/epub/sakinAnlamazliktanGelmeyin-6b-tr.epub target=_blank>ePub</a>,<a href=https://hykulliyat.github.io/assets/Harun-Yahya-Kitaplar/SS/doc/sakinAnlamazliktanGelmeyin-6b-tr.doc target=_blank>DOC</a>
262,Sakın Unutmayın,<a href=https://hykulliyat.github.io/viewer/web/viewer.html?file=https://hykulliyat.github.io/assets/Harun-Yahya-Kitaplar/SS/pdf/SakinUnutmayin-10b.pdf target=_blank>PDF</a>,<a href=https://hykulliyat.github.io/viewer/ePubViewer/#https://hykulliyat.github.io/assets/Harun-Yahya-Kitaplar/SS/epub/SakinUnutmayin-10b.epub target=_blank>ePub</a>,<a href=https://hykulliyat.github.io/assets/Harun-Yahya-Kitaplar/SS/doc/SakinUnutmayin-10b.doc target=_blank>DOC</a>
263,Samimi Bir Dindar Atatürk,<a href=https://hykulliyat.github.io/viewer/web/viewer.html?file=https://hykulliyat.github.io/assets/Harun-Yahya-Kitaplar/SS/pdf/Samimi-Bir-Dindar-Atatürk-3b.pdf target=_blank>PDF</a>,<a href=https://hykulliyat.github.io/viewer/ePubViewer/#https://hykulliyat.github.io/assets/Harun-Yahya-Kitaplar/SS/epub/Samimi-Bir-Dindar-Atatürk-3b.epub target=_blank>ePub</a>,<a href=https://hykulliyat.github.io/assets/Harun-Yahya-Kitaplar/SS/doc/Samimi-Bir-Dindar-Atatürk-3b.doc target=_blank>DOC</a>
264,Savunma Sistemi Mucizesi,<a href=https://hykulliyat.github.io/viewer/web/viewer.html?file=https://hykulliyat.github.io/assets/Harun-Yahya-Kitaplar/SS/pdf/savunma-sistemi-mucizesi-3b.pdf target=_blank>PDF</a>,<a href=https://hykulliyat.github.io/viewer/ePubViewer/#https://hykulliyat.github.io/assets/Harun-Yahya-Kitaplar/SS/epub/savunma-sistemi-mucizesi-3b.epub target=_blank>ePub</a>,<a href=https://hykulliyat.github.io/assets/Harun-Yahya-Kitaplar/SS/doc/savunma-sistemi-mucizesi-3b.doc target=_blank>DOC</a>
265,Sinsi Bir Tehlike Gaflet,<a href=https://hykulliyat.github.io/viewer/web/viewer.html?file=https://hykulliyat.github.io/assets/Harun-Yahya-Kitaplar/SS/pdf/sinsiBirTehlikeGaflet-9b-tr.pdf target=_blank>PDF</a>,<a href=https://hykulliyat.github.io/viewer/ePubViewer/#https://hykulliyat.github.io/assets/Harun-Yahya-Kitaplar/SS/epub/sinsiBirTehlikeGaflet-9b-tr.epub target=_blank>ePub</a>,<a href=https://hykulliyat.github.io/assets/Harun-Yahya-Kitaplar/SS/doc/sinsiBirTehlikeGaflet-9b-tr.doc target=_blank>DOC</a>
266,Sivrisinek Mucizesi,<a href=https://hykulliyat.github.io/viewer/web/viewer.html?file=https://hykulliyat.github.io/assets/Harun-Yahya-Kitaplar/SS/pdf/sivrisinekMucizesi-5b-tr.pdf target=_blank>PDF</a>,<a href=https://hykulliyat.github.io/viewer/ePubViewer/#https://hykulliyat.github.io/assets/Harun-Yahya-Kitaplar/SS/epub/sivrisinekMucizesi-5b-tr.epub target=_blank>ePub</a>,<a href=https://hykulliyat.github.io/assets/Harun-Yahya-Kitaplar/SS/doc/sivrisinekMucizesi-5b-tr.doc target=_blank>DOC</a>
267,Sonsuzluk Başlamış Durumda,<a href=https://hykulliyat.github.io/viewer/web/viewer.html?file=https://hykulliyat.github.io/assets/Harun-Yahya-Kitaplar/SS/pdf/sonsuzlukBaslamisDurumda-5b-tr.pdf target=_blank>PDF</a>,<a href=https://hykulliyat.github.io/viewer/ePubViewer/#https://hykulliyat.github.io/assets/Harun-Yahya-Kitaplar/SS/epub/sonsuzlukBaslamisDurumda-5b-tr.epub target=_blank>ePub</a>,<a href=https://hykulliyat.github.io/assets/Harun-Yahya-Kitaplar/SS/doc/sonsuzlukBaslamisDurumda-5b-tr.doc target=_blank>DOC</a>
268,Sosyal Silah Darwinizm,<a href=https://hykulliyat.github.io/viewer/web/viewer.html?file=https://hykulliyat.github.io/assets/Harun-Yahya-Kitaplar/SS/pdf/sosyal-silah-darwinizm-5b.pdf target=_blank>PDF</a>,<a href=https://hykulliyat.github.io/viewer/ePubViewer/#https://hykulliyat.github.io/assets/Harun-Yahya-Kitaplar/SS/epub/sosyal-silah-darwinizm-5b.epub target=_blank>ePub</a>,<a href=https://hykulliyat.github.io/assets/Harun-Yahya-Kitaplar/SS/doc/sosyal-silah-darwinizm-5b.doc target=_blank>DOC</a>
269,Şeytanın Bir Silahı: Romantizm,<a href=https://hykulliyat.github.io/viewer/web/viewer.html?file=https://hykulliyat.github.io/assets/Harun-Yahya-Kitaplar/ŞŞ/pdf/seytaninBirSilahiRomantizm-3b-tr.pdf target=_blank>PDF</a>,<a href=https://hykulliyat.github.io/viewer/ePubViewer/#https://hykulliyat.github.io/assets/Harun-Yahya-Kitaplar/ŞŞ/epub/seytaninBirSilahiRomantizm-3b-tr.epub target=_blank>ePub</a>,<a href=https://hykulliyat.github.io/assets/Harun-Yahya-Kitaplar/ŞŞ/doc/seytaninBirSilahiRomantizm-3b-tr.doc target=_blank>DOC</a>
270,Şeytanın Enaniyeti,<a href=https://hykulliyat.github.io/viewer/web/viewer.html?file=https://hykulliyat.github.io/assets/Harun-Yahya-Kitaplar/ŞŞ/pdf/seytanin-enaniyeti-7b.pdf target=_blank>PDF</a>,<a href=https://hykulliyat.github.io/viewer/ePubViewer/#https://hykulliyat.github.io/assets/Harun-Yahya-Kitaplar/ŞŞ/epub/seytanin-enaniyeti-7b.epub target=_blank>ePub</a>,<a href=https://hykulliyat.github.io/assets/Harun-Yahya-Kitaplar/ŞŞ/doc/seytanin-enaniyeti-7b.doc target=_blank>DOC</a>
271,Şeytanın Sinsi Bir Oyunu İnsanlara Tapınma Dini,<a href=https://hykulliyat.github.io/viewer/web/viewer.html?file=https://hykulliyat.github.io/assets/Harun-Yahya-Kitaplar/ŞŞ/pdf/insanlaraTapinmaDini-7b-tr.pdf target=_blank>PDF</a>,<a href=https://hykulliyat.github.io/viewer/ePubViewer/#https://hykulliyat.github.io/assets/Harun-Yahya-Kitaplar/ŞŞ/epub/insanlaraTapinmaDini-7b-tr.epub target=_blank>ePub</a>,<a href=https://hykulliyat.github.io/assets/Harun-Yahya-Kitaplar/ŞŞ/doc/insanlaraTapinmaDini-7b-tr.doc target=_blank>DOC</a>
272,Tarih Boyunca Müslümanlara Atılan İftiralar,<a href=https://hykulliyat.github.io/viewer/web/viewer.html?file=https://hykulliyat.github.io/assets/Harun-Yahya-Kitaplar/TT/pdf/tarihBoyuncaMuslumanlaraAtilanIftiralar-8b-tr.pdf target=_blank>PDF</a>,<a href=https://hykulliyat.github.io/viewer/ePubViewer/#https://hykulliyat.github.io/assets/Harun-Yahya-Kitaplar/TT/epub/tarihBoyuncaMuslumanlaraAtilanIftiralar-8b-tr.epub target=_blank>ePub</a>,<a href=https://hykulliyat.github.io/assets/Harun-Yahya-Kitaplar/TT/doc/tarihBoyuncaMuslumanlaraAtilanIftiralar-8b-tr.doc target=_blank>DOC</a>
273,Tarihi Bir Yalan Kabataş Devri,<a href=https://hykulliyat.github.io/viewer/web/viewer.html?file=https://hykulliyat.github.io/assets/Harun-Yahya-Kitaplar/TT/pdf/Tarihi-Bir-Yalan-Kabatas-Devri-4b-2011.pdf target=_blank>PDF</a>,<a href=https://hykulliyat.github.io/viewer/ePubViewer/#https://hykulliyat.github.io/assets/Harun-Yahya-Kitaplar/TT/epub/Tarihi-Bir-Yalan-Kabatas-Devri-4b-2011.epub target=_blank>ePub</a>,<a href=https://hykulliyat.github.io/assets/Harun-Yahya-Kitaplar/TT/doc/Tarihi-Bir-Yalan-Kabatas-Devri-4b-2011.doc target=_blank>DOC</a>
274,Tarihin En Büyük Bilim Sahtekarlığı Evrim Teorisi,<a href=https://hykulliyat.github.io/viewer/web/viewer.html?file=https://hykulliyat.github.io/assets/Harun-Yahya-Kitaplar/TT/pdf/tarihin-en-buyuk-sahtekarligi-evrim-teorisi-tr.pdf target=_blank>PDF</a>,<a href=https://hykulliyat.github.io/viewer/ePubViewer/#https://hykulliyat.github.io/assets/Harun-Yahya-Kitaplar/TT/epub/tarihin-en-buyuk-sahtekarligi-evrim-teorisi-tr.epub target=_blank>ePub</a>,<a href=https://hykulliyat.github.io/assets/Harun-Yahya-Kitaplar/TT/doc/tarihin-en-buyuk-sahtekarligi-evrim-teorisi-tr.doc target=_blank>DOC</a>
275,Termit Mucizesi,<a href=https://hykulliyat.github.io/viewer/web/viewer.html?file=https://hykulliyat.github.io/assets/Harun-Yahya-Kitaplar/TT/pdf/termitMucizesi-4b-tr.pdf target=_blank>PDF</a>,<a href=https://hykulliyat.github.io/viewer/ePubViewer/#https://hykulliyat.github.io/assets/Harun-Yahya-Kitaplar/TT/epub/termitMucizesi-4b-tr.epub target=_blank>ePub</a>,<a href=https://hykulliyat.github.io/assets/Harun-Yahya-Kitaplar/TT/doc/termitMucizesi-4b-tr.doc target=_blank>DOC</a>
276,Terör Sevgiyle Yok Edilir,<a href=https://hykulliyat.github.io/viewer/web/viewer.html?file=https://hykulliyat.github.io/assets/Harun-Yahya-Kitaplar/TT/pdf/Terör-Sevgiyle-Yok-Edilir-5b.pdf target=_blank>PDF</a>,<a href=https://hykulliyat.github.io/viewer/ePubViewer/#https://hykulliyat.github.io/assets/Harun-Yahya-Kitaplar/TT/epub/Terör-Sevgiyle-Yok-Edilir-5b.epub target=_blank>ePub</a>,<a href=https://hykulliyat.github.io/assets/Harun-Yahya-Kitaplar/TT/doc/Terör-Sevgiyle-Yok-Edilir-5b.doc target=_blank>DOC</a>
277,Terörün Perde Arkası,<a href=https://hykulliyat.github.io/viewer/web/viewer.html?file=https://hykulliyat.github.io/assets/Harun-Yahya-Kitaplar/TT/pdf/Terorun-Perde-Arkasi---3.-Baski.pdf target=_blank>PDF</a>,<a href=https://hykulliyat.github.io/viewer/ePubViewer/#https://hykulliyat.github.io/assets/Harun-Yahya-Kitaplar/TT/epub/Terorun-Perde-Arkasi---3.-Baski.epub target=_blank>ePub</a>,<a href=https://hykulliyat.github.io/assets/Harun-Yahya-Kitaplar/TT/doc/Terorun-Perde-Arkasi---3.-Baski.doc target=_blank>DOC</a>
278,Tevrat'ta Kuran'a Uygun Sevgi Sözleri,<a href=https://hykulliyat.github.io/viewer/web/viewer.html?file=https://hykulliyat.github.io/assets/Harun-Yahya-Kitaplar/TT/pdf/tevrattaKuranaUygunSevgiSozleri-tr-1b.pdf target=_blank>PDF</a>,<a href=https://hykulliyat.github.io/viewer/ePubViewer/#https://hykulliyat.github.io/assets/Harun-Yahya-Kitaplar/TT/epub/tevrattaKuranaUygunSevgiSozleri-tr-1b.epub target=_blank>ePub</a>,<a href=https://hykulliyat.github.io/assets/Harun-Yahya-Kitaplar/TT/doc/tevrattaKuranaUygunSevgiSozleri-tr-1b.doc target=_blank>DOC</a>
279,Tevrat'tan Hikmetler ve Güzel Öğütler,<a href=https://hykulliyat.github.io/viewer/web/viewer.html?file=https://hykulliyat.github.io/assets/Harun-Yahya-Kitaplar/TT/pdf/tevrattanHikmetlerGuzelOgutler-tsh2011-tr.pdf target=_blank>PDF</a>,<a href=https://hykulliyat.github.io/viewer/ePubViewer/#https://hykulliyat.github.io/assets/Harun-Yahya-Kitaplar/TT/epub/tevrattanHikmetlerGuzelOgutler-tsh2011-tr.epub target=_blank>ePub</a>,<a href=https://hykulliyat.github.io/assets/Harun-Yahya-Kitaplar/TT/doc/tevrattanHikmetlerGuzelOgutler-tsh2011-tr.doc target=_blank>DOC</a>
280,Tohum Mucizesi,<a href=https://hykulliyat.github.io/viewer/web/viewer.html?file=https://hykulliyat.github.io/assets/Harun-Yahya-Kitaplar/TT/pdf/tohumMucizesi-4b-tr.pdf target=_blank>PDF</a>,<a href=https://hykulliyat.github.io/viewer/ePubViewer/#https://hykulliyat.github.io/assets/Harun-Yahya-Kitaplar/TT/epub/tohumMucizesi-4b-tr.epub target=_blank>ePub</a>,<a href=https://hykulliyat.github.io/assets/Harun-Yahya-Kitaplar/TT/doc/tohumMucizesi-4b-tr.doc target=_blank>DOC</a>
281,Türk İslam Birliğine Çağrı,<a href=https://hykulliyat.github.io/viewer/web/viewer.html?file=https://hykulliyat.github.io/assets/Harun-Yahya-Kitaplar/TT/pdf/turkIslamBirligineCagri-3b-tr.pdf target=_blank>PDF</a>,<a href=https://hykulliyat.github.io/viewer/ePubViewer/#https://hykulliyat.github.io/assets/Harun-Yahya-Kitaplar/TT/epub/turkIslamBirligineCagri-3b-tr.epub target=_blank>ePub</a>,<a href=https://hykulliyat.github.io/assets/Harun-Yahya-Kitaplar/TT/doc/turkIslamBirligineCagri-3b-tr.doc target=_blank>DOC</a>
282,Türk'ün Dünya Nizamı,<a href=https://hykulliyat.github.io/viewer/web/viewer.html?file=https://hykulliyat.github.io/assets/Harun-Yahya-Kitaplar/TT/pdf/nizam-2b.pdf target=_blank>PDF</a>,<a href=https://hykulliyat.github.io/viewer/ePubViewer/#https://hykulliyat.github.io/assets/Harun-Yahya-Kitaplar/TT/epub/nizam-2b.epub target=_blank>ePub</a>,<a href=https://hykulliyat.github.io/assets/Harun-Yahya-Kitaplar/TT/doc/nizam-2b.doc target=_blank>DOC</a>
283,Türk'ün Yüksek Seciyesi,<a href=https://hykulliyat.github.io/viewer/web/viewer.html?file=https://hykulliyat.github.io/assets/Harun-Yahya-Kitaplar/TT/pdf/Turkun-yuksek-seciyesi-4b.pdf target=_blank>PDF</a>,<a href=https://hykulliyat.github.io/viewer/ePubViewer/#https://hykulliyat.github.io/assets/Harun-Yahya-Kitaplar/TT/epub/Turkun-yuksek-seciyesi-4b.epub target=_blank>ePub</a>,<a href=https://hykulliyat.github.io/assets/Harun-Yahya-Kitaplar/TT/doc/Turkun-yuksek-seciyesi-4b.doc target=_blank>DOC</a>
284,Türkiye İçin Milli Strateji,<a href=https://hykulliyat.github.io/viewer/web/viewer.html?file=https://hykulliyat.github.io/assets/Harun-Yahya-Kitaplar/TT/pdf/millistrateji.pdf target=_blank>PDF</a>,<a href=https://hykulliyat.github.io/viewer/ePubViewer/#https://hykulliyat.github.io/assets/Harun-Yahya-Kitaplar/TT/epub/millistrateji.epub target=_blank>ePub</a>,<a href=https://hykulliyat.github.io/assets/Harun-Yahya-Kitaplar/TT/doc/millistrateji.doc target=_blank>DOC</a>
285,Türkiye'nin Geleceğinde Osmanlı Vizyonu,<a href=https://hykulliyat.github.io/viewer/web/viewer.html?file=https://hykulliyat.github.io/assets/Harun-Yahya-Kitaplar/TT/pdf/osmanlivizyonu.pdf target=_blank>PDF</a>,<a href=https://hykulliyat.github.io/viewer/ePubViewer/#https://hykulliyat.github.io/assets/Harun-Yahya-Kitaplar/TT/epub/osmanlivizyonu.epub target=_blank>ePub</a>,<a href=https://hykulliyat.github.io/assets/Harun-Yahya-Kitaplar/TT/doc/osmanlivizyonu.doc target=_blank>DOC</a>
286,Türlerin Evrimi Yanılgısı,<a href=https://hykulliyat.github.io/viewer/web/viewer.html?file=https://hykulliyat.github.io/assets/Harun-Yahya-Kitaplar/TT/pdf/TURLERIN-EVRIMI-YANILGISI-4b.pdf target=_blank>PDF</a>,<a href=https://hykulliyat.github.io/viewer/ePubViewer/#https://hykulliyat.github.io/assets/Harun-Yahya-Kitaplar/TT/epub/TURLERIN-EVRIMI-YANILGISI-4b.epub target=_blank>ePub</a>,<a href=https://hykulliyat.github.io/assets/Harun-Yahya-Kitaplar/TT/doc/TURLERIN-EVRIMI-YANILGISI-4b.doc target=_blank>DOC</a>
287,Varilci Darwin,<a href=https://hykulliyat.github.io/viewer/web/viewer.html?file=https://hykulliyat.github.io/assets/Harun-Yahya-Kitaplar/VV/pdf/varilciDarwin-1b-tr.pdf target=_blank>PDF</a>,<a href=https://hykulliyat.github.io/viewer/ePubViewer/#https://hykulliyat.github.io/assets/Harun-Yahya-Kitaplar/VV/epub/varilciDarwin-1b-tr.epub target=_blank>ePub</a>,<a href=https://hykulliyat.github.io/assets/Harun-Yahya-Kitaplar/VV/doc/varilciDarwin-1b-tr.doc target=_blank>DOC</a>
288,Vücudumuzdaki Mucizeler,<a href=https://hykulliyat.github.io/viewer/web/viewer.html?file=https://hykulliyat.github.io/assets/Harun-Yahya-Kitaplar/VV/pdf/vucudumuzdakiMucizeler-5b-tr.pdf target=_blank>PDF</a>,<a href=https://hykulliyat.github.io/viewer/ePubViewer/#https://hykulliyat.github.io/assets/Harun-Yahya-Kitaplar/VV/epub/vucudumuzdakiMucizeler-5b-tr.epub target=_blank>ePub</a>,<a href=https://hykulliyat.github.io/assets/Harun-Yahya-Kitaplar/VV/doc/vucudumuzdakiMucizeler-5b-tr.doc target=_blank>DOC</a>
289,Vücut Elektriği Mucizesi,<a href=https://hykulliyat.github.io/viewer/web/viewer.html?file=https://hykulliyat.github.io/assets/Harun-Yahya-Kitaplar/VV/pdf/vucutElektrigiMucizesi-4b-tr.pdf target=_blank>PDF</a>,<a href=https://hykulliyat.github.io/viewer/ePubViewer/#https://hykulliyat.github.io/assets/Harun-Yahya-Kitaplar/VV/epub/vucutElektrigiMucizesi-4b-tr.epub target=_blank>ePub</a>,<a href=https://hykulliyat.github.io/assets/Harun-Yahya-Kitaplar/VV/doc/vucutElektrigiMucizesi-4b-tr.doc target=_blank>DOC</a>
290,Yaratılış Atlası-Cilt 1,<a href=https://hykulliyat.github.io/viewer/web/viewer.html?file=https://hykulliyat.github.io/assets/Harun-Yahya-Kitaplar/YY/pdf/Yaratilis-Atlasi-C1-10b.pdf target=_blank>PDF</a>,<a href=https://hykulliyat.github.io/viewer/ePubViewer/#https://hykulliyat.github.io/assets/Harun-Yahya-Kitaplar/YY/epub/Yaratilis-Atlasi-C1-10b.epub target=_blank>ePub</a>,<a href=https://hykulliyat.github.io/assets/Harun-Yahya-Kitaplar/YY/doc/Yaratilis-Atlasi-C1-10b.doc target=_blank>DOC</a>
291,Yaratılış Atlası-Cilt 2,<a href=https://hykulliyat.github.io/viewer/web/viewer.html?file=https://hykulliyat.github.io/assets/Harun-Yahya-Kitaplar/YY/pdf/Yaratilis-Atlasi-cilt2-4b.pdf target=_blank>PDF</a>,<a href=https://hykulliyat.github.io/viewer/ePubViewer/#https://hykulliyat.github.io/assets/Harun-Yahya-Kitaplar/YY/epub/Yaratilis-Atlasi-cilt2-4b.epub target=_blank>ePub</a>,<a href=https://hykulliyat.github.io/assets/Harun-Yahya-Kitaplar/YY/doc/Yaratilis-Atlasi-cilt2-4b.doc target=_blank>DOC</a>
292,Yaratılış Atlası-Cilt 3,<a href=https://hykulliyat.github.io/viewer/web/viewer.html?file=https://hykulliyat.github.io/assets/Harun-Yahya-Kitaplar/YY/pdf/YaratilisAtlasi-cilt3-tr-2b.pdf target=_blank>PDF</a>,<a href=https://hykulliyat.github.io/viewer/ePubViewer/#https://hykulliyat.github.io/assets/Harun-Yahya-Kitaplar/YY/epub/YaratilisAtlasi-cilt3-tr-2b.epub target=_blank>ePub</a>,<a href=https://hykulliyat.github.io/assets/Harun-Yahya-Kitaplar/YY/doc/YaratilisAtlasi-cilt3-tr-2b.doc target=_blank>DOC</a>
293,Yaratılış Atlası-Cilt 4,<a href=https://hykulliyat.github.io/viewer/web/viewer.html?file=https://hykulliyat.github.io/assets/Harun-Yahya-Kitaplar/YY/pdf/yaratilisAtlasi-cilt4-2b-tr.pdf target=_blank>PDF</a>,<a href=https://hykulliyat.github.io/viewer/ePubViewer/#https://hykulliyat.github.io/assets/Harun-Yahya-Kitaplar/YY/epub/yaratilisAtlasi-cilt4-2b-tr.epub target=_blank>ePub</a>,<a href=https://hykulliyat.github.io/assets/Harun-Yahya-Kitaplar/YY/doc/yaratilisAtlasi-cilt4-2b-tr.doc target=_blank>DOC</a>
294,Yaratılış Gerçeği,<a href=https://hykulliyat.github.io/viewer/web/viewer.html?file=https://hykulliyat.github.io/assets/Harun-Yahya-Kitaplar/YY/pdf/Yaratilis-Gercegi.pdf target=_blank>PDF</a>,<a href=https://hykulliyat.github.io/viewer/ePubViewer/#https://hykulliyat.github.io/assets/Harun-Yahya-Kitaplar/YY/epub/Yaratilis-Gercegi.epub target=_blank>ePub</a>,<a href=https://hykulliyat.github.io/assets/Harun-Yahya-Kitaplar/YY/doc/Yaratilis-Gercegi.doc target=_blank>DOC</a>
295,Yaşamın ve Evrenin Kökeni - 1. Uluslararası Konferans 2016,<a href=https://hykulliyat.github.io/viewer/web/viewer.html?file=https://hykulliyat.github.io/assets/Harun-Yahya-Kitaplar/YY/pdf/YasaminVeEvreninKokeni-Konf1-Kitapcik-tr.pdf target=_blank>PDF</a>,<a href=https://hykulliyat.github.io/viewer/ePubViewer/#https://hykulliyat.github.io/assets/Harun-Yahya-Kitaplar/YY/epub/YasaminVeEvreninKokeni-Konf1-Kitapcik-tr.epub target=_blank>ePub</a>,<a href=https://hykulliyat.github.io/assets/Harun-Yahya-Kitaplar/YY/doc/YasaminVeEvreninKokeni-Konf1-Kitapcik-tr.doc target=_blank>DOC</a>
296,Yeni Masonik Düzen,<a href=https://hykulliyat.github.io/viewer/web/viewer.html?file=https://hykulliyat.github.io/assets/Harun-Yahya-Kitaplar/YY/pdf/Yeni-Masonik-Duzen---8.-Baski.pdf target=_blank>PDF</a>,<a href=https://hykulliyat.github.io/viewer/ePubViewer/#https://hykulliyat.github.io/assets/Harun-Yahya-Kitaplar/YY/epub/Yeni-Masonik-Duzen---8.-Baski.epub target=_blank>ePub</a>,<a href=https://hykulliyat.github.io/assets/Harun-Yahya-Kitaplar/YY/doc/Yeni-Masonik-Duzen---8.-Baski.doc target=_blank>DOC</a>
297,Yeşil Mucize: Fotosentez,<a href=https://hykulliyat.github.io/viewer/web/viewer.html?file=https://hykulliyat.github.io/assets/Harun-Yahya-Kitaplar/YY/pdf/Fotosentez-3b.pdf target=_blank>PDF</a>,<a href=https://hykulliyat.github.io/viewer/ePubViewer/#https://hykulliyat.github.io/assets/Harun-Yahya-Kitaplar/YY/epub/Fotosentez-3b.epub target=_blank>ePub</a>,<a href=https://hykulliyat.github.io/assets/Harun-Yahya-Kitaplar/YY/doc/Fotosentez-3b.doc target=_blank>DOC</a>
298,Zamansızlık ve Kader Gerçeği,<a href=https://hykulliyat.github.io/viewer/web/viewer.html?file=https://hykulliyat.github.io/assets/Harun-Yahya-Kitaplar/ZZ/pdf/zamansizlikveKaderGercegi-6b-tr.pdf target=_blank>PDF</a>,<a href=https://hykulliyat.github.io/viewer/ePubViewer/#https://hykulliyat.github.io/assets/Harun-Yahya-Kitaplar/ZZ/epub/zamansizlikveKaderGercegi-6b-tr.epub target=_blank>ePub</a>,<a href=https://hykulliyat.github.io/assets/Harun-Yahya-Kitaplar/ZZ/doc/zamansizlikveKaderGercegi-6b-tr.doc target=_blank>DOC</a>
